review,sentiment
"Worst phone I've ever purchased, total waste. Do not buy this.",negative
"Horrible experience with this laptop, never buying again. Do not buy this.",negative
"This book does what it says, nothing extraordinary. It's okay for the price.",neutral
"Average shoes, does the job but nothing more. It's okay for the price.",neutral
"Best shoes I've ever bought, highly recommend it.",positive
"Meh, average.",neutral
Not satisfied at all.,negative
"I absolutely love this coffee maker, it works perfectly! Shipping was fast too.",positive
"Not bad, not great, just a regular tablet.",neutral
"The tablet is defective, requesting a refund immediately. Do not buy this.",negative
Bad blender.,negative
"Fantastic microwave, customer service was also great. Shipping was fast too.",positive
Love it.,positive
"Fantastic monitor, customer service was also great.",positive
"Really good headphones, does exactly what it promises. Shipping was fast too.",positive
"Not bad, not great, just a regular laptop. It's okay for the price.",neutral
"It's a standard book, works fine for basic needs. Nothing to write home about.",neutral
"Bad headphones, completely different from what was advertised. Complete waste of money.",negative
"Bad microwave, completely different from what was advertised. Complete waste of money.",negative
"This printer is amazing, worth every penny.",positive
"This vacuum cleaner is a scam, doesn't work as advertised.",negative
"I absolutely love this shoes, it works perfectly! Definitely a great buy.",positive
"Terrible build quality, this vacuum cleaner",negative
"I'm so glad I bought this speaker, it's wonderful.",positive
"This phone exceeded all my expectations, love it. My whole family loves it.",positive
"Fantastic book, customer service was also great. Definitely a great buy.",positive
"It's an average coffee maker, meets",neutral
"Pretty good, satisfied.",positive
"This tablet is a scam, doesn't work as advertised. Do not buy this.",negative
"Very happy with this blender, five stars!",positive
The book is functional but the design could improve. Might consider other brands next time.,neutral
So-so experience.,neutral
"This microwave is fine, could be better though. Might consider other brands next time.",neutral
Works well.,positive
"Great television, exceeded",positive
"The mouse is okay, nothing special about it. Nothing to write home about.",neutral
"This jacket does what it says, nothing extraordinary.",neutral
"The tablet is okay for casual use,",neutral
"Top notch jacket, fast delivery and great packaging.",positive
Hate it.,negative
"Awful headphones, broke within days of use.",negative
"This microwave is terrible, broke after one day. Asked for a refund.",negative
"Worst keyboard I've ever purchased, total waste. Do not buy this.",negative
"Not bad, not great, just",neutral
"The router stopped working within a week, awful. Asked",negative
"Best book I've ever bought, highly recommend it.",positive
"This keyboard is a scam, doesn't work",negative
"Top notch phone, fast delivery and great packaging. Shipping was fast too.",positive
"I absolutely love this router, it works perfectly! Shipping was fast too.",positive
"The shoes stopped working within a week, awful.",negative
"The headphones works as expected, no complaints really. It's okay for the price.",neutral
Doesn't work.,negative
"Best camera I've ever bought, highly recommend it.",positive
"This watch is amazing, worth every penny. Shipping was fast too.",positive
This watch is cheaply made and fell apart quickly.,negative
"Really good router, does exactly what it promises.",positive
"It's a standard mouse, works fine for basic needs. Might consider other brands next time.",neutral
"This blender does what it says, nothing extraordinary.",neutral
"This blender is amazing, worth every penny. My whole family loves it.",positive
"The television is defective, requesting a refund immediately.",negative
"Nice book, thanks.",positive
"Horrible experience with this charger, never buying again.",negative
Okay keyboard.,neutral
"This laptop is a scam, doesn't work as advertised.",negative
"Superb build quality, this headphones is fantastic. Definitely a great buy.",positive
The headphones is functional but the design could improve. It's okay for the price.,neutral
"Nice router, thanks.",positive
"Terrible build quality, this coffee maker is a huge letdown. Complete waste of money.",negative
"Great coffee maker, exceeded my expectations.",positive
Bad vacuum cleaner.,negative
Good microwave.,positive
"Average camera, does the job but nothing more. Nothing to write home about.",neutral
"Reasonably priced jacket, performs adequately.",neutral
"The vacuum cleaner is defective, requesting a refund immediately.",negative
"Awful book, broke within days of use. Never ordering from here again.",negative
The coffee maker arrived damaged and customer service was rude.,negative
"This watch is amazing, worth every penny. Definitely a great buy.",positive
"Superb build quality, this watch is fantastic.",positive
It's fine.,neutral
"Fantastic tablet, customer service was also great. My whole family loves it.",positive
"The printer stopped working within a week, awful. Do not buy this.",negative
"Top notch charger, fast delivery and great packaging. Shipping was fast too.",positive
"The coffee maker stopped working within a week, awful.",negative
"Poor quality book, would",negative
"Bad phone, completely different from what was advertised. Complete waste of money.",negative
"Extremely disappointed, the monitor does not work at all. Asked for a refund.",negative
"I absolutely love this coffee maker, it works perfectly!",positive
"Reasonably priced router, performs adequately. It's",neutral
"Best headphones I've ever bought, highly recommend it. My whole family loves it.",positive
"This blender exceeded all my expectations, love it. Shipping was fast too.",positive
"I'm so glad I bought this laptop, it's wonderful. Definitely",positive
"This keyboard is terrible, broke after one day. Do not buy this.",negative
"I'm so glad I bought this keyboard, it's wonderful.",positive
"It's an average keyboard, meets basic requirements. Nothing to write home about.",neutral
"Very disappointed with this backpack, waste of money.",negative
"The charger stopped working within a week, awful. Do not buy this.",negative
"The phone is okay for casual use, nothing outstanding. It's okay for the price.",neutral
"This printer is fine, could be better though. It's okay for the price.",neutral
The phone is functional but the design could improve. Might consider other brands next time.,neutral
"Superb build quality, this speaker is fantastic. Shipping was fast too.",positive
"I absolutely love this printer, it works perfectly! Definitely a great buy.",positive
The laptop arrived damaged and customer service was rude.,negative
"Perfect headphones for the price, couldn't be happier.",positive
The speaker is functional but the design could improve. It's okay for the price.,neutral
"Excellent quality, blender arrived on time and works great.",positive
"The camera is okay, nothing special about it.",neutral
I'm so glad I,positive
"Awful tablet, broke within days",negative
"Really good charger, does exactly what it promises. Shipping was fast too.",positive
"This shoes is fine, could be better though. Nothing to write home about.",neutral
"It's an average book, meets basic requirements.",neutral
The watch arrived damaged and customer service was rude. Do not buy this.,negative
"Very happy with this book, five stars! Definitely a great buy.",positive
"Best monitor I've ever bought, highly recommend it. My whole family loves it.",positive
"Excellent quality, laptop arrived on time and works great.",positive
"The speaker is decent for the price, not amazing. Nothing to write home about.",neutral
"This router is fine, could be better though.",neutral
"Not bad, not great, just a regular backpack. Nothing to write home about.",neutral
"Superb build quality, this shoes is fantastic. My whole family loves it.",positive
"Not bad, not great, just a regular microwave. Nothing to write home about.",neutral
"Best blender I've ever bought, highly recommend it. Definitely a great buy.",positive
Good monitor.,positive
"This microwave is terrible, broke after one day.",negative
"This phone is terrible, broke after one day. Complete waste of money.",negative
"Average camera, does the job but nothing",neutral
"I'm so glad I bought this laptop, it's wonderful. Will be buying more from this brand.",positive
"Reasonably priced laptop, performs adequately. It's okay for the price.",neutral
"I regret buying this coffee maker, it's just useless. Never ordering from here again.",negative
"I'm so glad I bought this coffee maker, it's wonderful. Shipping was fast too.",positive
Good television.,positive
"Waste, avoid this router.",negative
"This charger does what it says, nothing extraordinary. It's okay for the price.",neutral
"It's a standard microwave, works fine for basic needs. It's okay for the price.",neutral
"Waste, avoid this speaker.",negative
Neither good nor bad.,neutral
"I absolutely love this blender, it works perfectly!",positive
Bad book.,negative
"Terrible build quality, this mouse is a huge letdown. Never ordering from here again.",negative
"Awful blender, broke within days of use. Asked for a refund.",negative
"Very disappointed with this jacket, waste of money. Complete waste of money.",negative
Okay vacuum cleaner.,neutral
"It's a standard monitor, works fine for basic needs.",neutral
"Worst tablet I've ever purchased, total waste. Never ordering from here again.",negative
"Horrible experience with this laptop, never buying again. Asked for a refund.",negative
"The microwave works as expected, no complaints really. It's okay for the price.",neutral
"The microwave is decent for the price, not amazing.",neutral
This printer is cheaply made and fell apart quickly. Complete waste of money.,negative
"Best headphones I've ever bought, highly recommend it. Will be buying more from this brand.",positive
The backpack arrived damaged and customer service was rude.,negative
"Average television, does the job but nothing more.",neutral
The coffee maker is decent for,neutral
The monitor is functional but the design could improve. Nothing to write home about.,neutral
"The charger stopped working within a week, awful. Asked for a refund.",negative
Good keyboard.,positive
"It's an average mouse, meets basic requirements. Nothing to write home about.",neutral
"This laptop is amazing, worth every penny. Definitely a great buy.",positive
"Average keyboard, does the job but nothing",neutral
"This charger is terrible, broke after one day. Do",negative
"Not bad, not great, just a regular phone.",neutral
"Bad vacuum cleaner, completely different from what was advertised. Do not buy this.",negative
"Average blender, does the job but nothing more. Nothing to write home about.",neutral
Bad tablet.,negative
"Waste, avoid this coffee maker.",negative
"Very disappointed with this jacket, waste of money.",negative
"The speaker works flawlessly, I'm impressed. Definitely",positive
"Reasonably priced phone, performs adequately. Might consider other brands next time.",neutral
"Great keyboard, exceeded my expectations. Will be buying more from this brand.",positive
"I regret buying this microwave, it's just useless. Asked for a refund.",negative
"The blender is okay, nothing special about it. Might consider other brands next time.",neutral
"I'm so glad I bought this vacuum cleaner, it's wonderful. Definitely a great buy.",positive
"Perfect coffee maker for the price, couldn't be happier. Will be buying more from this brand.",positive
"Awful vacuum cleaner, broke within days of use. Complete waste of money.",negative
"It's a standard headphones, works fine for basic needs.",neutral
"Terrible build quality, this backpack is a huge letdown. Never ordering from here again.",negative
This headphones is cheaply made and fell apart quickly. Never ordering from here again.,negative
"The monitor is defective, requesting a refund immediately. Asked for a refund.",negative
"This mouse is amazing, worth every penny.",positive
"Really good book, does exactly what it promises.",positive
"The printer is okay, nothing special about it. Might consider other brands next time.",neutral
Okay backpack.,neutral
"Perfect keyboard for the price, couldn't be happier. Shipping was fast too.",positive
"The charger works flawlessly, I'm impressed. Shipping",positive
"Perfect mouse for the price, couldn't be happier.",positive
The tablet arrived damaged and customer service was rude.,negative
"The laptop is decent for the price, not amazing. Nothing to write home about.",neutral
I regret buying this,negative
"Waste, avoid this backpack.",negative
"Superb build quality, this shoes is fantastic. Definitely a great buy.",positive
"The television is decent for the price, not amazing. Might consider other brands next time.",neutral
The speaker arrived damaged and customer service was rude.,negative
"Terrible build quality, this mouse is a huge letdown. Complete waste of money.",negative
"Very disappointed with this television, waste of money. Never ordering from here again.",negative
"The laptop is okay for casual use, nothing outstanding.",neutral
"It's a standard blender, works fine for basic needs. It's okay for the price.",neutral
"Bad printer, completely different from what was advertised. Asked for a refund.",negative
"Perfect phone for the price, couldn't be happier.",positive
"Very happy with this watch, five stars!",positive
"I'm so glad I bought this coffee maker, it's wonderful.",positive
"The television stopped working within a week, awful.",negative
Bad laptop.,negative
"Fantastic headphones, customer service was also great. Shipping was fast too.",positive
The jacket is functional,neutral
"The vacuum cleaner works flawlessly, I'm impressed. Will be buying more from this brand.",positive
"Best phone I've ever bought, highly recommend it. Will be buying more from this brand.",positive
"Very disappointed with this camera, waste of money.",negative
"Reasonably priced charger, performs adequately. It's okay for the price.",neutral
"Horrible experience with this speaker, never buying",negative
"Extremely disappointed, the coffee maker does not work at all. Never ordering from here again.",negative
"Not bad, not great, just a regular mouse. Nothing to write home about.",neutral
"The coffee maker works as expected, no complaints really. Nothing to write home about.",neutral
"Best speaker I've ever bought, highly recommend it. Will be buying more from this brand.",positive
"Fantastic jacket, customer service was also great. Shipping was fast too.",positive
"Best router I've ever bought, highly recommend it.",positive
"Really good blender, does exactly what it promises. Shipping was fast too.",positive
"Great charger, exceeded my expectations. Will be buying more from this brand.",positive
"Average charger, does the job but nothing more.",neutral
"Outstanding keyboard, will definitely buy again. Will be buying more from this brand.",positive
"Terrible build quality, this backpack is a huge letdown.",negative
"Poor quality printer, would not recommend.",negative
This book is cheaply made and fell apart quickly. Complete waste of money.,negative
"I absolutely love this jacket, it works perfectly! Shipping was fast too.",positive
The monitor is functional but the design could improve.,neutral
The charger arrived damaged and customer service was rude. Complete waste of money.,negative
"Average jacket, does the job but nothing more. It's okay for the price.",neutral
"This backpack is fine, could be better though.",neutral
"The watch is okay for casual use, nothing outstanding. It's okay for the price.",neutral
"Average coffee maker, does the job but nothing more.",neutral
"Awful speaker, broke within days of use. Never ordering from here again.",negative
"Average laptop, does the job but nothing more.",neutral
"It's an average headphones, meets basic requirements.",neutral
"Top notch speaker, fast delivery",positive
"Awful coffee maker, broke within days of use. Never ordering from here again.",negative
"Very happy with this keyboard,",positive
"This charger is terrible, broke after one day. Never",negative
"Top notch headphones, fast delivery and great packaging. Will be buying more from this brand.",positive
"This coffee maker is terrible, broke after one day.",negative
"It's an average phone, meets basic requirements.",neutral
"The shoes is okay, nothing special about it.",neutral
Okay coffee maker.,neutral
"The router is okay, nothing special about it. It's okay for the price.",neutral
"It's a standard coffee maker, works fine for basic needs. Might consider other brands next time.",neutral
"This microwave is a scam, doesn't work as advertised. Asked for a refund.",negative
"Very disappointed with this monitor, waste of money.",negative
"This jacket is a scam, doesn't work as advertised. Asked for a refund.",negative
"It's an average router, meets basic requirements.",neutral
"The keyboard is okay, nothing special about it. It's okay for the price.",neutral
Okay monitor.,neutral
"Fantastic router, customer service",positive
"This watch is amazing, worth every penny.",positive
"I regret buying this shoes, it's just useless. Asked for a refund.",negative
"Outstanding book, will definitely buy again. My whole family loves it.",positive
The backpack arrived damaged and customer service was rude. Asked for a refund.,negative
"Poor quality jacket, would not recommend. Complete waste of money.",negative
"The coffee maker is defective, requesting a refund immediately. Do not buy this.",negative
"It's a standard backpack, works fine for basic needs. Nothing to write home about.",neutral
The camera is functional but the design could improve.,neutral
The coffee maker is decent for the,neutral
"Bad jacket, completely different from what was advertised. Do",negative
"The watch works flawlessly, I'm impressed. My whole family loves it.",positive
"This laptop is amazing, worth every penny.",positive
I'm so glad I bought this,positive
"Terrible build quality, this book is a huge letdown. Asked for a refund.",negative
"Extremely disappointed, the laptop does not work",negative
"This watch is terrible, broke after one day.",negative
Good jacket.,positive
"Reasonably priced backpack, performs adequately. Nothing to",neutral
"Perfect keyboard for the price, couldn't be happier. Will be buying more from this brand.",positive
"This television is a scam, doesn't work as advertised.",negative
"The watch is okay, nothing special about it.",neutral
The watch arrived damaged and customer service was rude. Complete waste of money.,negative
"The phone is decent for the price, not amazing.",neutral
"The vacuum cleaner works flawlessly, I'm impressed. My whole family loves it.",positive
"Outstanding speaker, will definitely buy again. Will be buying more from this brand.",positive
"Great charger, exceeded my expectations.",positive
"Reasonably priced speaker, performs adequately.",neutral
"Nice blender, thanks.",positive
"The speaker works flawlessly, I'm impressed. My whole family loves it.",positive
Good coffee maker.,positive
"Best backpack I've ever bought, highly recommend it. Will be buying more from this brand.",positive
"The printer works flawlessly, I'm impressed. Definitely a great buy.",positive
The laptop is functional but the design could improve. It's okay for the price.,neutral
"Perfect monitor for the price, couldn't be happier. My whole family loves it.",positive
"This watch does what it says, nothing extraordinary.",neutral
"Worst blender I've ever purchased, total waste. Do not buy this.",negative
"Great tablet, exceeded my expectations. Definitely a great buy.",positive
"I'm so glad I bought this headphones, it's wonderful. My whole family loves it.",positive
"This monitor exceeded all my expectations, love it. Shipping was fast too.",positive
"The vacuum cleaner stopped working within a week, awful. Complete waste of money.",negative
"This speaker is terrible, broke after one day. Complete waste of money.",negative
"The tablet is defective, requesting a refund immediately.",negative
"The vacuum cleaner works as expected, no complaints really. Might consider other brands next time.",neutral
The phone arrived damaged and customer service was rude.,negative
"Excellent quality, mouse arrived on time and",positive
"I absolutely love this speaker, it works perfectly! Shipping was fast too.",positive
"Excellent quality, jacket arrived on time and works great. Definitely a great buy.",positive
"This coffee maker is terrible, broke after one day. Never ordering from here again.",negative
Bad coffee maker.,negative
"Perfect book for the price, couldn't be happier. Definitely a great buy.",positive
"Nice speaker, thanks.",positive
"Very happy with this headphones, five stars!",positive
"The book works flawlessly, I'm impressed. Definitely a great buy.",positive
"Fantastic monitor, customer service was also great. Will be buying more from this brand.",positive
"Not bad, not great, just a regular vacuum cleaner. Might consider other brands next time.",neutral
"Average tablet, does the job but nothing more. Nothing to write home about.",neutral
"Worst headphones I've ever purchased, total waste.",negative
Okay printer.,neutral
Very disappointed with this,negative
"The charger is defective, requesting a refund immediately. Complete waste of money.",negative
"It's an average blender, meets basic requirements.",neutral
"Excellent quality, television arrived on time and works great. Will be buying more from this brand.",positive
"Worst monitor I've ever purchased, total waste.",negative
This watch is cheaply made and fell apart quickly. Asked for a refund.,negative
Very happy with,positive
"This monitor is a scam, doesn't work as advertised.",negative
"I'm so glad I bought this backpack, it's wonderful.",positive
"The jacket stopped working within a week, awful. Complete",negative
"Poor quality shoes, would not recommend.",negative
This shoes is cheaply made and fell apart quickly. Never,negative
"I absolutely love this phone, it works perfectly! Shipping was fast too.",positive
"Fantastic backpack, customer service was also great. Definitely a great buy.",positive
"Terrible build quality, this backpack is a",negative
"Outstanding phone, will definitely buy again. My whole",positive
"The keyboard is okay for casual use, nothing outstanding.",neutral
"Terrible build quality, this router is a huge letdown. Do not buy this.",negative
"This camera does what it says, nothing extraordinary.",neutral
"Average speaker, does the job but nothing more. Nothing to write home about.",neutral
"Average microwave, does the job but nothing more.",neutral
"Nice watch, thanks.",positive
"Really good monitor, does exactly what it promises. My",positive
"Great watch, exceeded my expectations. Shipping was fast too.",positive
"The speaker is okay, nothing special about it. It's okay for the price.",neutral
"The keyboard stopped working within a week, awful. Complete waste of money.",negative
"Outstanding television, will definitely buy again.",positive
"I'm so glad I bought this keyboard, it's wonderful. Shipping was fast too.",positive
"Great speaker, exceeded my expectations. My whole family loves it.",positive
"The headphones is okay, nothing special about it.",neutral
"The printer works flawlessly, I'm impressed.",positive
"It's an average television, meets basic requirements. It's okay for the price.",neutral
The shoes arrived damaged and customer,negative
"Fantastic phone, customer service was also great. My whole family loves it.",positive
"The book stopped working within a week, awful.",negative
"Great backpack, exceeded my expectations. My whole family loves it.",positive
"This watch is terrible, broke after one day. Asked for a refund.",negative
"The headphones is defective, requesting a refund immediately.",negative
"The tablet is okay for casual use, nothing outstanding. Nothing to write home about.",neutral
"It's an average printer, meets basic requirements. It's okay for the price.",neutral
"Great router, exceeded my expectations. My whole family loves it.",positive
"Worst book I've ever purchased, total waste.",negative
The monitor is functional but the design could improve. Might consider other brands next time.,neutral
The camera is functional but the design could improve. It's okay for the price.,neutral
"Very disappointed with this printer, waste of money. Do not buy this.",negative
"Average book, does the job but nothing more. It's",neutral
"Waste, avoid this headphones.",negative
"I absolutely love this microwave, it works perfectly!",positive
"Best mouse I've ever bought, highly recommend it. Shipping was fast too.",positive
This router is cheaply made and fell apart quickly. Do not buy this.,negative
"Fantastic watch, customer service was also great. My whole family loves it.",positive
"I regret buying this television, it's just useless. Never ordering from here again.",negative
"This headphones is a scam, doesn't work as advertised.",negative
"Excellent quality, tablet arrived on time and works great.",positive
"Outstanding backpack, will definitely buy again.",positive
"It's a standard camera, works fine for basic needs.",neutral
"This television does what it says, nothing extraordinary. Nothing to write home about.",neutral
"Best printer I've ever bought,",positive
"Great keyboard, exceeded",positive
"Outstanding mouse, will definitely buy again.",positive
"The keyboard works as expected, no complaints really. It's okay for the price.",neutral
"Average router, does the job but nothing more.",neutral
"Poor quality television, would not recommend.",negative
Bad headphones.,negative
"This speaker is amazing, worth every penny. Will be buying more from this brand.",positive
"Top notch printer, fast delivery and great packaging. Will be buying more from this brand.",positive
"This book is terrible, broke after one day. Asked for a refund.",negative
"I regret buying this tablet, it's just useless.",negative
"Outstanding tablet, will definitely buy again.",positive
"It's a standard television, works fine for basic",neutral
"This monitor is terrible, broke after one day.",negative
"This microwave is fine, could be better though.",neutral
"I'm so glad I bought this monitor, it's wonderful.",positive
"This headphones exceeded all my expectations, love it. Shipping was fast too.",positive
Good printer.,positive
"Perfect headphones for the price, couldn't be happier. Definitely a great buy.",positive
"Perfect book for the price, couldn't be",positive
"This speaker is a scam, doesn't work as advertised.",negative
"The camera works flawlessly, I'm impressed. My whole family loves it.",positive
"Very happy with this coffee maker, five stars! My",positive
"I'm so glad I bought this jacket, it's wonderful. Shipping was fast too.",positive
"This printer is amazing, worth every penny. Definitely",positive
"I'm so glad I bought this shoes, it's wonderful.",positive
"It's a standard keyboard, works fine for basic needs.",neutral
"Reasonably priced watch,",neutral
"Perfect blender for the price, couldn't be happier.",positive
"This tablet is fine, could be better though. Might consider other brands next time.",neutral
"The television is decent for the price, not amazing. Nothing to write home about.",neutral
"Extremely disappointed, the vacuum cleaner does not work at all. Never ordering from here again.",negative
"Excellent quality, microwave arrived on time and works great.",positive
"Top notch mouse, fast",positive
Okay speaker.,neutral
"The monitor is okay for casual use, nothing outstanding.",neutral
"It's an average watch, meets basic requirements. Might consider other brands next time.",neutral
"Great charger, exceeded my expectations. Shipping was fast too.",positive
"This router is terrible, broke after one day.",negative
"This shoes is amazing, worth every penny.",positive
Okay jacket.,neutral
"Horrible experience with this router, never buying again. Never ordering from here again.",negative
"I'm so glad I bought this router, it's wonderful. Shipping was fast too.",positive
"This shoes is a scam, doesn't work as advertised. Do not buy this.",negative
"I absolutely love this watch, it works perfectly! Definitely a great buy.",positive
"The television works as expected, no complaints really. Nothing to write home about.",neutral
"The phone works as expected, no complaints really. It's okay for the price.",neutral
"Very disappointed with this mouse, waste of money. Never ordering from here again.",negative
"Superb build quality, this microwave is fantastic.",positive
"Awful backpack, broke within days of use. Never",negative
"This monitor is fine, could be better though.",neutral
This headphones is cheaply made and fell apart quickly. Complete waste of money.,negative
"Not bad, not great, just a regular laptop.",neutral
"This phone does what it says, nothing extraordinary.",neutral
"Bad router, completely different from what was advertised. Never ordering from here again.",negative
"I regret buying this watch, it's just useless.",negative
"Poor quality book, would not recommend.",negative
"This jacket is fine, could be better though. Might consider",neutral
"It's a standard microwave, works fine for basic",neutral
"I absolutely love this keyboard, it works perfectly! Definitely a great buy.",positive
"Perfect keyboard for the price, couldn't be happier.",positive
"The microwave works as expected, no complaints really.",neutral
"Really good watch, does exactly what it promises. Definitely a great buy.",positive
This jacket is cheaply made and fell apart quickly.,negative
"Nice shoes, thanks.",positive
"It's a standard coffee maker, works fine for basic needs.",neutral
"Really good headphones, does exactly what it promises. Will be buying more from this brand.",positive
"Great speaker, exceeded my expectations. Will be buying more from this brand.",positive
"Top notch book, fast delivery and great packaging. My whole family loves it.",positive
"Awful keyboard, broke within days of use. Do not buy this.",negative
Okay shoes.,neutral
"This camera does what it says, nothing extraordinary. Might consider other brands next time.",neutral
"It's an average watch, meets basic requirements.",neutral
The mouse is okay for,neutral
This laptop is cheaply,negative
"I regret buying this book, it's just useless.",negative
"Outstanding headphones, will definitely buy again. Shipping was fast too.",positive
"Perfect vacuum cleaner for the price, couldn't be happier.",positive
"This camera is amazing, worth every penny. Shipping was fast too.",positive
"Very disappointed with this monitor, waste of money. Complete waste of money.",negative
Good backpack.,positive
"This backpack is amazing, worth every penny. Definitely a great buy.",positive
"Terrible build quality, this vacuum cleaner is a huge letdown. Never ordering from here again.",negative
"The router is okay, nothing special about it. Nothing to write home about.",neutral
"The television is okay, nothing special about it. It's okay for the price.",neutral
This television is cheaply made and fell apart quickly. Do not buy this.,negative
The shoes arrived damaged and customer service,negative
Okay router.,neutral
"The headphones is defective, requesting a refund immediately. Never ordering from here again.",negative
The backpack arrived damaged and customer service was rude. Complete waste of money.,negative
"I'm so glad I bought this laptop, it's",positive
"The television works flawlessly, I'm impressed.",positive
"Poor quality charger, would not recommend.",negative
"The phone is okay, nothing special about it. Nothing to write home about.",neutral
"Extremely disappointed, the printer does not work",negative
Good book.,positive
"Reasonably priced blender, performs adequately. It's okay for the price.",neutral
"Superb build quality, this microwave is fantastic. My whole family loves it.",positive
"Horrible experience with this phone, never buying again. Complete waste of money.",negative
"I absolutely love this shoes, it",positive
"Outstanding mouse, will definitely buy again. Shipping was fast too.",positive
"Top notch book, fast delivery and great packaging.",positive
The book arrived damaged and customer service was rude. Asked for a refund.,negative
"Really good charger, does exactly what it promises. My whole family loves it.",positive
"Superb build quality, this coffee maker is fantastic.",positive
"The television works flawlessly,",positive
"The book works as expected, no complaints really. Nothing to write home about.",neutral
"This microwave is a scam, doesn't work as advertised. Complete waste of money.",negative
"Nice tablet, thanks.",positive
"The television works flawlessly, I'm impressed. Shipping was fast too.",positive
"The microwave works flawlessly, I'm impressed. My whole family loves it.",positive
"I'm so glad I bought this phone, it's wonderful. Definitely a great buy.",positive
"Outstanding blender, will definitely buy again.",positive
"Terrible build quality, this speaker is a huge letdown.",negative
"The laptop works flawlessly, I'm impressed. Shipping was fast too.",positive
"This charger is terrible, broke after one day. Do not buy this.",negative
"The printer stopped working within a week, awful.",negative
"It's an average camera, meets basic requirements. It's okay for the price.",neutral
"This speaker is fine, could be better though. Might consider other brands next time.",neutral
This tablet is cheaply made and fell apart quickly.,negative
"This keyboard exceeded all my expectations, love it. Will be buying more from this brand.",positive
"This router is fine, could be better",neutral
"Very disappointed with this watch, waste of money. Never ordering from here again.",negative
"The watch works flawlessly, I'm impressed. Definitely a great buy.",positive
The tablet is okay for casual,neutral
"Reasonably priced router, performs adequately. It's okay for the price.",neutral
"Great vacuum cleaner, exceeded my expectations. Will be buying more from this brand.",positive
"I absolutely love this monitor, it works perfectly!",positive
"This backpack exceeded all my expectations, love it.",positive
"Really good vacuum cleaner, does exactly what it promises. Shipping was fast too.",positive
Okay television.,neutral
"Terrible build quality, this backpack is a huge letdown. Asked for a refund.",negative
"Excellent quality, shoes arrived on time and works great. My whole family loves it.",positive
"Poor quality television, would not recommend. Asked for a refund.",negative
"Average jacket, does the job but nothing more.",neutral
"Excellent quality, jacket arrived on",positive
"Great speaker, exceeded my",positive
"This jacket exceeded all my expectations, love it. Definitely a great buy.",positive
"It's a standard blender, works fine for basic needs. Might consider other brands next time.",neutral
"Reasonably priced blender, performs adequately.",neutral
"The coffee maker is decent for the price, not amazing. Might consider other brands next time.",neutral
"This backpack does what it says, nothing extraordinary. Might consider other brands next time.",neutral
"Fantastic vacuum cleaner, customer service was also great. Will be buying more from this brand.",positive
"It's an average shoes, meets basic requirements. Nothing to write home about.",neutral
"Average book, does the job but nothing more.",neutral
"Not bad, not great, just a regular coffee maker. Might consider other brands next time.",neutral
"Bad headphones, completely different from what was advertised. Never ordering from here again.",negative
"This coffee maker is a scam, doesn't",negative
"Outstanding vacuum cleaner, will definitely buy again.",positive
"Waste, avoid this printer.",negative
"Excellent quality, charger arrived on time and works",positive
"Waste, avoid this laptop.",negative
"The tablet is okay for casual use, nothing outstanding. Might consider other brands next time.",neutral
"Horrible experience with this backpack, never buying again. Do not buy this.",negative
"It's a standard printer, works fine for basic needs. It's okay for the price.",neutral
Okay mouse.,neutral
"This headphones does what it says, nothing extraordinary.",neutral
"This television is terrible, broke after one day.",negative
"The backpack is okay, nothing",neutral
"Waste, avoid this camera.",negative
"The television stopped working within a week, awful. Do not buy this.",negative
Very happy with this,positive
"Poor quality keyboard, would not recommend. Do",negative
"Worst keyboard I've ever purchased, total waste. Asked for a refund.",negative
"Best monitor I've ever bought, highly recommend it. Will be buying more from this brand.",positive
"It's an average laptop, meets basic requirements.",neutral
"Nice mouse, thanks.",positive
"Average coffee maker, does the job but nothing more. It's okay for the price.",neutral
"Bad router, completely different from what was advertised. Asked for a refund.",negative
"Superb build quality, this phone",positive
"It's a standard speaker, works fine for basic needs.",neutral
"Fantastic speaker, customer service was also great.",positive
"Extremely disappointed, the tablet does not work at all. Never ordering from here again.",negative
"This vacuum cleaner is fine, could be better though. Nothing to write home about.",neutral
"Superb build quality, this phone is fantastic.",positive
"Terrible build quality, this headphones is a huge letdown.",negative
"Nice monitor, thanks.",positive
"Extremely disappointed, the speaker does not work",negative
"The microwave is defective, requesting a refund immediately. Never ordering from here again.",negative
"Top notch mouse, fast delivery and great packaging. My whole family loves it.",positive
"This coffee maker is terrible, broke after one day. Asked for a refund.",negative
"The microwave is okay, nothing special about it.",neutral
"Average microwave, does the job",neutral
"The charger is okay for casual use, nothing outstanding. It's okay for the price.",neutral
"The backpack works flawlessly, I'm impressed. Shipping was fast too.",positive
"This tablet is fine, could be better though. Nothing to write home about.",neutral
"Poor quality monitor, would not recommend. Do not buy this.",negative
"Superb build quality, this jacket is fantastic. My whole family loves it.",positive
"Not bad, not great, just a regular camera. Nothing to write home about.",neutral
The book is functional but the design could improve.,neutral
"Bad blender, completely different from what was advertised.",negative
Good shoes.,positive
"Fantastic laptop, customer service was also great. Definitely a great buy.",positive
"Superb build quality, this printer is fantastic. Shipping was fast too.",positive
"Poor quality keyboard, would not recommend. Do not buy this.",negative
"The phone works as expected, no complaints really.",neutral
"Not bad, not great, just a regular backpack. Might consider other brands next time.",neutral
"Average microwave, does the job but nothing more. It's okay for the price.",neutral
"Superb build quality, this coffee maker is fantastic. Will be buying more from this brand.",positive
"Reasonably priced book, performs adequately. Might consider other brands next time.",neutral
"The backpack works flawlessly, I'm",positive
"Very disappointed with this tablet, waste of money. Asked for a refund.",negative
"The monitor is defective, requesting a refund immediately.",negative
"Nice backpack, thanks.",positive
"Excellent quality, tablet arrived on time",positive
"This phone is a scam, doesn't work as advertised. Complete waste of money.",negative
Good router.,positive
"Terrible build quality, this coffee maker is a huge",negative
"The jacket works flawlessly, I'm impressed.",positive
"Terrible build quality, this phone is a huge",negative
"Terrible build quality, this charger is a huge letdown. Asked for a refund.",negative
This phone is cheaply made and fell apart quickly. Complete waste of money.,negative
"The backpack works as expected, no complaints really. Nothing to write home about.",neutral
"I regret buying this speaker, it's just useless.",negative
"Great monitor, exceeded my expectations. Will be buying more from this brand.",positive
"Very happy with this vacuum cleaner, five stars! My whole family loves it.",positive
"The watch is decent for the price, not amazing.",neutral
"I'm so glad I bought this microwave, it's wonderful. My whole family loves it.",positive
"The television stopped working within a week, awful. Do",negative
"The blender works flawlessly, I'm impressed. My whole family loves it.",positive
"Really good blender, does",positive
"Reasonably priced monitor, performs adequately. Nothing to write home about.",neutral
"Awful television, broke within",negative
"I'm so glad I bought this router,",positive
"Poor quality blender, would not recommend.",negative
"Great router, exceeded my expectations. Definitely a great buy.",positive
Good headphones.,positive
"Very disappointed with this printer, waste of money. Never ordering from here again.",negative
"The book is decent for the price, not amazing.",neutral
"Fantastic mouse, customer service was also great. Shipping was fast too.",positive
"I absolutely love this shoes,",positive
"Perfect tablet for the price, couldn't be happier. My whole family loves it.",positive
"This router is fine, could be better though. Might consider other brands next time.",neutral
Bad mouse.,negative
"This headphones is fine, could be better though. It's okay for the price.",neutral
"I absolutely love this backpack, it works perfectly! Will",positive
"It's an average headphones, meets basic requirements. Nothing to write home about.",neutral
"I absolutely love this shoes, it works perfectly! Shipping was fast too.",positive
"Excellent quality, keyboard arrived on time and works great. Will be",positive
"Horrible experience with this tablet, never buying again. Never ordering from here again.",negative
Perfect camera for the,positive
The printer arrived damaged and customer service was rude. Never ordering from here again.,negative
"Bad backpack, completely different from what was advertised.",negative
"Top notch charger, fast delivery and great packaging. Will be buying more from this brand.",positive
The shoes is functional but the design could improve. It's okay for the price.,neutral
"This laptop does what it says, nothing extraordinary. It's okay for the price.",neutral
"The speaker is defective, requesting a refund immediately. Never ordering from here again.",negative
"Average monitor, does the job but nothing more.",neutral
"Reasonably priced phone, performs adequately. It's okay",neutral
"Very happy with this charger, five stars!",positive
"Poor quality charger, would not recommend. Complete waste of money.",negative
"Outstanding shoes, will definitely buy again. Definitely a great buy.",positive
The jacket is functional but the design could improve. Nothing to write home about.,neutral
"The phone is okay for casual use, nothing outstanding. Might consider other brands next time.",neutral
This keyboard is a,negative
"Horrible experience with this jacket, never buying again. Asked for a refund.",negative
"Outstanding watch, will definitely buy again.",positive
"This book exceeded all my expectations, love it.",positive
"The monitor works flawlessly,",positive
This phone is cheaply made and fell,negative
"Great charger, exceeded my expectations. Definitely a great buy.",positive
"This monitor is a scam, doesn't work as advertised. Never ordering",negative
"Not bad, not great, just a regular printer. Nothing to write home about.",neutral
"The backpack is okay, nothing special about it. It's okay for the price.",neutral
"Superb build quality, this watch is fantastic. Will",positive
"This laptop is amazing, worth every penny. Shipping was fast too.",positive
"Fantastic blender, customer service was also great. Will be buying more from this brand.",positive
"The shoes is decent for the price, not amazing. Nothing to write home about.",neutral
"Reasonably priced keyboard, performs adequately.",neutral
"Nice vacuum cleaner, thanks.",positive
"Poor quality mouse, would not recommend.",negative
"This keyboard does what it says, nothing extraordinary. Might consider other brands next time.",neutral
"It's a standard camera, works fine for basic needs. Nothing to write home about.",neutral
"Not bad, not great, just a regular watch. It's okay for the price.",neutral
"I regret buying this shoes, it's just useless.",negative
"I regret buying this keyboard, it's just useless. Asked for a refund.",negative
"Extremely disappointed, the backpack does not work at all. Complete waste of money.",negative
"It's a standard charger, works fine for basic needs.",neutral
"Worst book I've ever purchased, total waste. Asked for a refund.",negative
"It's an average headphones, meets basic requirements. It's okay for the price.",neutral
"It's a standard television, works fine for basic needs.",neutral
"Waste, avoid this monitor.",negative
"It's a standard tablet, works fine for basic needs. Nothing to write home about.",neutral
"I absolutely love this headphones, it works",positive
The vacuum cleaner arrived damaged and customer service was,negative
"It's an average shoes, meets basic requirements.",neutral
"It's a standard backpack, works fine for basic needs. Might consider other brands next time.",neutral
"This printer does what it says, nothing extraordinary.",neutral
"Horrible experience with this shoes, never buying again. Never ordering from here again.",negative
"The tablet is okay, nothing special about it. Nothing to write home about.",neutral
"Terrible build quality, this vacuum cleaner is a huge letdown.",negative
"Not bad, not great,",neutral
"This shoes exceeded all my expectations, love it. Definitely a great buy.",positive
The tablet is functional but the design could improve. Might consider other brands next time.,neutral
"Very disappointed with this headphones, waste of money. Do",negative
"Awful television, broke within days of use. Complete waste of money.",negative
The coffee maker is functional but the design could improve. Might consider other brands next time.,neutral
"It's an average watch, meets basic requirements. Nothing to write home about.",neutral
"This vacuum cleaner exceeded all my expectations, love it.",positive
This watch exceeded all my,positive
"Extremely disappointed, the microwave does not work at all.",negative
Horrible experience with this,negative
"Really good router, does exactly what it promises. Shipping was fast too.",positive
"This camera exceeded all my expectations, love it.",positive
"Terrible build quality, this television is a huge letdown. Never ordering from here again.",negative
"Very disappointed with this tablet, waste of money.",negative
"The television is okay, nothing special about it.",neutral
"Horrible experience with this microwave, never buying again. Asked for a refund.",negative
"The backpack is decent for the price, not amazing. Might consider other brands next time.",neutral
"I regret buying this printer, it's just useless. Complete waste of money.",negative
"Great coffee maker, exceeded my expectations. My whole family loves it.",positive
"Terrible build quality, this router is a huge letdown.",negative
"Best mouse I've ever bought, highly recommend it.",positive
"Perfect tablet for the price, couldn't be happier.",positive
"The headphones is okay for casual use, nothing outstanding.",neutral
"Outstanding router, will",positive
"The speaker works flawlessly, I'm impressed.",positive
"Very happy with this watch, five stars! My whole family loves it.",positive
"The speaker works flawlessly, I'm impressed. Shipping was fast too.",positive
"Terrible build quality, this blender is a huge letdown.",negative
"Poor quality tablet, would not recommend. Complete waste of money.",negative
"Not bad, not great, just a regular monitor.",neutral
"Bad phone, completely different from what was advertised. Asked for a refund.",negative
"Terrible build quality, this coffee maker is a huge letdown. Asked for a refund.",negative
"This vacuum cleaner exceeded all my expectations, love it. Will be buying more from this brand.",positive
Okay tablet.,neutral
"Superb build quality, this book is fantastic.",positive
"Outstanding blender, will definitely buy again. Shipping was fast too.",positive
"The printer is okay, nothing special",neutral
"The backpack works as expected, no complaints really. It's okay for the price.",neutral
"Perfect backpack for the price, couldn't be happier.",positive
"Great blender, exceeded my expectations.",positive
"It's an average camera, meets",neutral
"Nice headphones, thanks.",positive
"This tablet is amazing, worth every penny. Shipping was fast too.",positive
This keyboard is cheaply made and fell apart quickly. Complete waste of money.,negative
"The watch works as expected, no complaints really.",neutral
"The blender is okay, nothing special about it.",neutral
"I absolutely love this backpack, it works perfectly!",positive
"This monitor is amazing, worth every penny. My whole family loves it.",positive
"I regret buying this printer, it's just useless.",negative
"This vacuum cleaner does what it says, nothing extraordinary.",neutral
"This phone exceeded all my expectations, love it. Definitely a great buy.",positive
"Very disappointed with this vacuum cleaner, waste of money. Complete waste of money.",negative
"Fantastic watch, customer service was also great.",positive
"Fantastic microwave, customer service was also great.",positive
"The printer is okay, nothing special about it. Nothing to write home about.",neutral
"Really good headphones, does exactly what it promises.",positive
"I'm so glad I bought this speaker, it's wonderful. Definitely a great buy.",positive
"I'm so glad I bought this router, it's wonderful. Definitely a great buy.",positive
"This printer is a scam,",negative
"Very disappointed with this phone, waste of money.",negative
The backpack is okay for,neutral
"Awful vacuum cleaner, broke within days of use. Do not buy this.",negative
"Great vacuum cleaner, exceeded my expectations.",positive
"Great shoes, exceeded my expectations. Will be buying more from this brand.",positive
"The vacuum cleaner is decent for the price, not amazing.",neutral
"Really good television, does exactly what it promises. My whole family loves it.",positive
"I'm so glad I bought this watch, it's wonderful. My whole family loves it.",positive
"Not bad, not great, just a regular blender.",neutral
Bad phone.,negative
The jacket is functional but the design could improve. Might consider other brands next time.,neutral
"This headphones is fine, could be better though. Nothing to write home about.",neutral
"This jacket is fine, could be better though.",neutral
"It's an average printer, meets basic requirements.",neutral
"Average laptop, does the job but nothing more. Might consider",neutral
The printer is functional but the design could improve.,neutral
"Average router, does the job but nothing more. Might",neutral
"The vacuum cleaner is okay for casual use, nothing outstanding. Might consider other brands next time.",neutral
"Outstanding watch, will",positive
"This backpack is amazing, worth every penny. Shipping was fast too.",positive
"Very disappointed with this television, waste of money. Asked for a refund.",negative
"It's an average router, meets basic requirements. It's okay for the price.",neutral
Bad keyboard.,negative
"The monitor is decent for the price, not amazing.",neutral
"Very happy with this phone, five stars!",positive
This watch is cheaply made and fell apart quickly. Never ordering from here again.,negative
"The blender is defective, requesting a refund immediately. Never ordering from here again.",negative
"Really good watch, does exactly what it promises.",positive
"Worst router I've ever purchased, total waste.",negative
"It's a standard printer, works fine for basic needs. Might consider other brands next time.",neutral
Good tablet.,positive
"Awful laptop, broke within days of use. Complete waste of money.",negative
"Great microwave, exceeded my",positive
"This television is amazing, worth every penny.",positive
"Superb build quality, this camera is fantastic. My whole family loves it.",positive
"This charger is fine, could be better though. Might consider other brands next time.",neutral
"Top notch coffee maker, fast delivery and great packaging.",positive
"Excellent quality, backpack arrived on time and works great. Definitely a great buy.",positive
"Extremely disappointed, the mouse does not work at all. Complete waste of money.",negative
"This backpack is terrible, broke after one day. Asked for a refund.",negative
"Nice charger, thanks.",positive
"This mouse exceeded all my expectations, love it.",positive
"This shoes is amazing, worth every penny. Definitely a great buy.",positive
"Bad coffee maker, completely different from what was advertised. Asked for a refund.",negative
Okay book.,neutral
"Reasonably priced monitor, performs adequately. Might consider other brands next time.",neutral
"Top notch camera, fast",positive
"Really good microwave, does exactly what it promises. Shipping was fast too.",positive
"Worst microwave I've ever purchased, total waste. Complete waste of money.",negative
"The charger is decent for the price, not amazing.",neutral
"Reasonably priced jacket, performs adequately. Might consider other brands next time.",neutral
"Average speaker, does the job but nothing more. Might consider other brands next time.",neutral
"The coffee maker works as expected, no complaints really.",neutral
The charger is functional but the design could improve. Might consider other brands next time.,neutral
"The watch is defective, requesting a refund immediately. Never ordering from here again.",negative
"This speaker does what it says, nothing extraordinary. It's okay for the price.",neutral
"This laptop is terrible, broke after one day. Do not buy this.",negative
"It's a standard phone, works fine for basic needs. It's okay for the price.",neutral
"The book works as expected, no complaints really. Might consider other brands next time.",neutral
"Really good printer, does exactly what it promises.",positive
"The shoes is decent for the price, not amazing.",neutral
"The coffee maker works flawlessly, I'm impressed. Definitely a great buy.",positive
"This watch is fine, could be better though. Might consider other brands next time.",neutral
"The book stopped working within a week, awful. Never ordering from here again.",negative
"I'm so glad I bought this coffee maker, it's wonderful. Will be buying more from this brand.",positive
"Very disappointed with this book, waste of money.",negative
"Really good mouse, does",positive
"Poor quality jacket, would not recommend. Never ordering from here again.",negative
"It's a standard laptop, works fine for basic needs. It's okay for the price.",neutral
Bad router.,negative
"Fantastic backpack, customer service was also great. My whole family loves it.",positive
"Outstanding camera, will definitely buy again. Will be buying more from this brand.",positive
The keyboard arrived damaged and,negative
"Average shoes, does the job but nothing more.",neutral
"The coffee maker works as expected, no complaints really. It's okay for the price.",neutral
"Terrible build quality, this tablet is a huge letdown.",negative
"The vacuum cleaner is okay, nothing special about it.",neutral
The laptop stopped working,negative
This book is cheaply made and,negative
"Terrible build quality, this watch is a huge letdown.",negative
"This blender is fine, could be better though.",neutral
"Outstanding microwave, will definitely buy again.",positive
"Superb build quality, this tablet is fantastic. Definitely",positive
"The laptop is decent for the price, not amazing.",neutral
"The vacuum cleaner works as expected, no complaints really.",neutral
"Awful television, broke within days of use. Never ordering from here again.",negative
"Top notch watch, fast delivery and great packaging. Definitely a great buy.",positive
"The keyboard is okay, nothing special about it. Nothing to write home about.",neutral
"Great headphones, exceeded my expectations. Definitely a great buy.",positive
"Excellent quality, headphones arrived on time and works great. Will be buying more from this brand.",positive
"Superb build quality, this shoes is fantastic.",positive
"The jacket is decent for the price, not amazing.",neutral
Okay camera.,neutral
"Nice microwave, thanks.",positive
"Excellent quality, mouse arrived on time and works great. Shipping was fast too.",positive
"This printer is terrible, broke after one day. Never ordering from here again.",negative
"This printer is terrible, broke after one day. Complete waste of money.",negative
"Bad router, completely different from what was advertised.",negative
"Worst television I've ever purchased, total waste. Do not buy this.",negative
"Extremely disappointed, the speaker does not work at all. Never ordering from here again.",negative
"I regret buying this phone, it's just useless. Never ordering from here again.",negative
"Horrible experience with this microwave, never buying again.",negative
"Reasonably priced charger, performs adequately.",neutral
"I regret buying this tablet, it's just useless. Do not buy this.",negative
"Really good jacket, does exactly",positive
"Terrible build quality, this printer is a huge letdown. Asked for a refund.",negative
"Outstanding coffee maker, will",positive
Okay microwave.,neutral
"Very happy with this speaker, five stars! Definitely a great buy.",positive
"Terrible build quality, this microwave is a huge letdown. Complete waste of money.",negative
"Average speaker, does the job but nothing more. It's okay for the price.",neutral
"This backpack is terrible, broke after one day.",negative
"Awful microwave, broke within days of use.",negative
"Very disappointed with this microwave, waste of money.",negative
The blender is functional but the design could improve. Nothing to write home about.,neutral
"Very disappointed with this phone, waste",negative
"Very happy with this television, five stars!",positive
Reasonably priced coffee,neutral
"This tablet is a scam, doesn't work as advertised. Asked for a refund.",negative
"The backpack works flawlessly,",positive
The charger arrived damaged and customer service was rude.,negative
"It's a standard watch, works fine for basic needs.",neutral
"The blender works as expected, no complaints really. It's okay for the price.",neutral
Worst shoes I've ever,negative
"Not bad, not great, just a regular charger.",neutral
"Extremely disappointed, the television does not work at all. Complete waste of money.",negative
"The blender is decent for the price, not amazing. It's okay for the price.",neutral
"Excellent quality, book arrived on time and works great.",positive
"Very happy with this router, five stars! Definitely a great buy.",positive
"Average phone, does the job but nothing more. Nothing to write home about.",neutral
The keyboard is functional but the design could improve.,neutral
"This microwave is a scam, doesn't work as advertised. Never ordering from here again.",negative
"Average printer, does the job",neutral
"The vacuum cleaner works flawlessly, I'm impressed. Definitely a great buy.",positive
"The mouse is okay for casual use, nothing outstanding. Nothing to write home about.",neutral
"Outstanding shoes, will definitely buy again.",positive
"This speaker is terrible, broke after one day.",negative
"Awful monitor, broke within days of use.",negative
"Excellent quality, speaker arrived on time and works great. Will be buying more from this brand.",positive
"This mouse is fine, could be better though. Nothing to write home about.",neutral
"Horrible experience with this coffee maker, never buying again.",negative
"Great router, exceeded my expectations.",positive
"Great keyboard, exceeded my expectations. My whole family loves it.",positive
"Reasonably priced television, performs adequately. Might consider other brands next time.",neutral
"The shoes works as expected,",neutral
"This phone does what it says, nothing extraordinary. Nothing to write home about.",neutral
"I absolutely love this tablet, it works perfectly!",positive
"It's a standard television, works fine for basic needs. Might consider other brands next time.",neutral
"Great mouse, exceeded my expectations. Shipping was fast too.",positive
"The phone is okay, nothing special about it. It's okay for the price.",neutral
"This watch is amazing, worth every penny. Will be buying more from this brand.",positive
"Great keyboard, exceeded my expectations.",positive
This jacket is cheaply made and fell apart quickly. Do not buy this.,negative
"Very happy with this camera, five stars!",positive
"The backpack is okay for casual use, nothing outstanding. Might consider other brands next time.",neutral
"Reasonably priced television, performs adequately.",neutral
The charger arrived damaged and customer service was rude. Asked for a refund.,negative
Okay phone.,neutral
"Average keyboard, does the",neutral
"This backpack exceeded all my expectations, love it. My whole family loves it.",positive
"Average mouse, does the job but nothing more. Might consider other brands next time.",neutral
"It's a standard keyboard, works fine for basic",neutral
"The book is okay for casual use, nothing outstanding.",neutral
The headphones is functional but the design could improve. Might,neutral
"I absolutely love this book, it works perfectly!",positive
"This charger is terrible, broke after one day.",negative
"Outstanding monitor, will definitely buy again. Shipping was fast too.",positive
"Waste, avoid this blender.",negative
"The television works as expected, no complaints really.",neutral
The monitor is okay for,neutral
The shoes arrived damaged and customer service was rude.,negative
"This phone does what it says, nothing extraordinary. Might consider other brands next time.",neutral
"The microwave stopped working within a week, awful.",negative
"This backpack exceeded all my expectations, love it. Shipping was fast too.",positive
"Very happy with this charger, five stars! Definitely a great buy.",positive
"Worst laptop I've ever purchased, total waste.",negative
"It's a standard keyboard, works fine for basic needs. It's okay for the price.",neutral
"This headphones is amazing, worth every penny. Definitely a great buy.",positive
"This television is amazing, worth every penny. Will be buying more from this brand.",positive
"The camera stopped working within a week, awful. Do not buy this.",negative
"Terrible build quality, this printer is a huge letdown.",negative
"Bad coffee maker, completely different from what was advertised. Never ordering from here again.",negative
"Perfect phone for the price, couldn't be happier. Shipping was fast too.",positive
"Poor quality watch, would not recommend. Complete waste of money.",negative
"This vacuum cleaner is terrible, broke after one day. Do not buy this.",negative
"This microwave exceeded all my expectations, love it. My whole family loves it.",positive
This vacuum cleaner is cheaply made and fell apart quickly. Asked for a refund.,negative
"Superb build quality, this laptop is fantastic.",positive
"Best tablet I've ever bought, highly recommend it.",positive
"This jacket is a scam, doesn't work as advertised.",negative
"Extremely disappointed, the microwave does not work at all. Do not buy this.",negative
"Extremely disappointed, the shoes does not work at all.",negative
"The mouse is decent for the price, not amazing. Might consider other brands next time.",neutral
"Terrible build quality, this monitor is a huge letdown. Complete waste of money.",negative
"Very disappointed with this television, waste of money. Complete waste of money.",negative
"The shoes is okay, nothing special about it. Nothing to write home about.",neutral
"The printer works as expected, no complaints really. Nothing to write home about.",neutral
"This jacket is terrible, broke after one day. Complete waste of money.",negative
"Very happy with this book, five stars!",positive
"Outstanding router, will definitely buy again.",positive
"Top notch headphones, fast delivery and great packaging. Shipping was fast too.",positive
"This headphones exceeded all my expectations, love it.",positive
"The tablet works as expected, no complaints really.",neutral
"Excellent quality, speaker arrived on time and works great.",positive
"Superb build quality, this charger is fantastic.",positive
"The shoes stopped working within a week, awful. Do not buy this.",negative
"This headphones is terrible, broke after one day. Never ordering from here again.",negative
"This shoes is fine, could be better though.",neutral
"Really good monitor, does exactly what it promises.",positive
"Reasonably priced laptop, performs adequately. Nothing to write home about.",neutral
"Extremely disappointed, the blender does not",negative
"Very happy with this tablet, five stars!",positive
"This router is fine, could be better though. Nothing to write home about.",neutral
"Poor quality phone, would not recommend. Asked for a refund.",negative
"Fantastic book, customer service was also great.",positive
"Extremely disappointed, the book does not work at all. Never ordering from here again.",negative
"The camera stopped working within a week, awful. Complete waste of money.",negative
"Extremely disappointed, the jacket does not work at all. Do not buy this.",negative
"The jacket is okay for casual use, nothing outstanding.",neutral
"The jacket is defective, requesting a refund immediately.",negative
"Average tablet, does the job but nothing more.",neutral
The microwave arrived damaged and customer service was rude. Asked for a refund.,negative
"Bad blender, completely different from what was advertised. Asked for a refund.",negative
The speaker arrived damaged and customer service was rude. Do not buy this.,negative
"Bad printer, completely different from what was advertised.",negative
"The charger stopped working within a week, awful.",negative
"Poor quality vacuum cleaner, would not recommend. Complete waste of money.",negative
"This microwave is a scam, doesn't work as advertised. Do not buy this.",negative
"Excellent quality, shoes arrived on time and works great.",positive
"Outstanding television, will definitely buy again. My whole family loves it.",positive
"I'm so glad I bought this printer, it's wonderful. Definitely a great buy.",positive
"Bad keyboard, completely different from what was advertised.",negative
The vacuum cleaner arrived damaged and customer service was rude. Never ordering from here again.,negative
"Perfect television for the price, couldn't be happier.",positive
"The router is okay, nothing special about it.",neutral
"The shoes is defective, requesting a refund immediately.",negative
"The tablet is defective, requesting a refund immediately. Never ordering from here again.",negative
"Perfect router for the price, couldn't be happier.",positive
"It's an average charger, meets basic requirements.",neutral
"Poor quality shoes,",negative
"This monitor is terrible, broke after one day. Do not buy this.",negative
"It's a standard printer, works fine for basic needs.",neutral
"Terrible build quality, this router is a huge",negative
"Top notch laptop, fast",positive
Bad jacket.,negative
"Worst watch I've ever purchased, total waste.",negative
"Horrible experience with this camera, never buying again. Do not buy this.",negative
This coffee maker is cheaply made and fell apart quickly. Complete waste of money.,negative
"The mouse is okay, nothing special about it.",neutral
"Really good microwave, does exactly what it promises.",positive
"The headphones is decent for the price, not amazing.",neutral
"Waste, avoid this shoes.",negative
This laptop is cheaply made and fell apart quickly. Complete waste of money.,negative
"Very disappointed with this microwave, waste of money. Asked for a refund.",negative
"Very happy with this coffee maker, five stars! My whole family loves it.",positive
"The charger is okay, nothing special about it.",neutral
"Great phone, exceeded",positive
"Superb build quality, this headphones is fantastic. My whole family loves it.",positive
"Excellent quality, backpack arrived on time and works great. My whole family loves it.",positive
"This television is terrible, broke after one day. Complete waste of money.",negative
"Poor quality backpack, would not recommend.",negative
"Really good shoes, does exactly what it promises.",positive
"This laptop is terrible, broke after one day. Complete",negative
"Poor quality shoes, would not recommend. Asked for a refund.",negative
The shoes arrived damaged and customer service was rude. Do not buy this.,negative
"Poor quality jacket, would not recommend. Do not buy this.",negative
The book is functional but the design could improve. It's okay for the price.,neutral
"The printer is okay for casual use, nothing outstanding. Nothing to write home about.",neutral
"I regret buying this speaker, it's just useless. Do not buy this.",negative
"It's a standard vacuum cleaner, works fine for basic needs.",neutral
"Top notch watch, fast delivery and great packaging.",positive
"Outstanding television, will definitely buy again. Definitely a great buy.",positive
"Very disappointed with this keyboard, waste of money.",negative
"This keyboard is amazing, worth every penny. My whole family loves it.",positive
The router is functional but the design could improve. It's okay for the price.,neutral
"Waste, avoid this television.",negative
"Outstanding book, will definitely buy again. Will be buying more from this brand.",positive
"Extremely disappointed, the shoes does not work at",negative
"The laptop stopped working within a week, awful. Do not buy this.",negative
"Excellent quality, television arrived on time and works great.",positive
"Extremely disappointed, the headphones does not work at",negative
"This printer does what it says, nothing extraordinary. Might consider other brands next time.",neutral
"The television stopped working within a week, awful. Never ordering from here again.",negative
"The book stopped working within a week, awful. Complete waste of money.",negative
"Top notch camera, fast delivery and great packaging. Will be buying more from this brand.",positive
Okay blender.,neutral
"The vacuum cleaner is okay for casual use, nothing outstanding. Nothing",neutral
"This vacuum cleaner does what it says, nothing extraordinary. It's okay for the price.",neutral
"Bad camera, completely different from what was advertised.",negative
Good vacuum cleaner.,positive
"Worst charger I've ever purchased, total waste. Do not buy this.",negative
"The charger is okay for casual use, nothing outstanding. Might consider other brands next time.",neutral
"The shoes is okay for casual use, nothing outstanding.",neutral
"Terrible build quality, this headphones is a huge letdown. Complete waste of money.",negative
"Very disappointed with this speaker, waste of money.",negative
"The microwave works as expected, no complaints",neutral
"Average headphones, does the job but nothing more. Nothing to write home about.",neutral
"Worst monitor I've ever purchased, total waste. Do not buy this.",negative
"Reasonably priced mouse, performs adequately.",neutral
Bad backpack.,negative
"The headphones stopped working within a week, awful.",negative
"I'm so glad I bought this laptop, it's wonderful.",positive
"Not bad, not great, just a regular jacket.",neutral
"This printer exceeded all my expectations, love it.",positive
"I regret buying this headphones, it's just useless. Never ordering from here again.",negative
"The headphones is defective, requesting a refund immediately. Asked for a refund.",negative
"Not bad, not great, just a regular charger. It's okay for the price.",neutral
"Terrible build quality, this jacket is a huge letdown.",negative
"Awful mouse, broke within days of use. Do not buy this.",negative
"Worst microwave I've ever purchased, total waste.",negative
"Reasonably priced vacuum cleaner, performs adequately.",neutral
"Awful charger, broke within days",negative
The printer arrived damaged and customer service was rude.,negative
"Poor quality headphones, would not recommend. Never ordering from here again.",negative
"Outstanding camera, will definitely buy again. Shipping was fast too.",positive
The camera arrived damaged and customer service was rude. Complete waste of money.,negative
"Outstanding shoes, will definitely buy again. Will be buying more from this brand.",positive
"This microwave does what it says, nothing extraordinary. Nothing to write home about.",neutral
This jacket is cheaply made and fell apart quickly. Asked for a refund.,negative
"The backpack is okay for casual use, nothing outstanding. Nothing to write home about.",neutral
"The router is defective, requesting a refund immediately. Complete waste of money.",negative
"Not bad, not great, just a regular shoes. It's okay for the price.",neutral
"Great headphones, exceeded my expectations.",positive
"The printer works as expected, no complaints really.",neutral
"Very happy with this vacuum cleaner, five stars! Shipping was fast too.",positive
"This microwave does what it says, nothing extraordinary.",neutral
"It's an average camera, meets basic requirements. Nothing to write home about.",neutral
"It's an average headphones, meets",neutral
"The phone works flawlessly, I'm impressed.",positive
"Top notch shoes, fast delivery",positive
This tablet is cheaply made and fell apart,negative
"Extremely disappointed, the shoes does not work at all. Do not buy this.",negative
"Worst camera I've ever purchased, total waste. Never ordering from here again.",negative
"I'm so glad I bought this printer, it's wonderful. Will be buying more from this brand.",positive
"Fantastic headphones, customer service was also great.",positive
"Extremely disappointed, the backpack does not",negative
"Poor quality printer, would not recommend. Complete waste of money.",negative
"Reasonably priced charger,",neutral
"Outstanding speaker, will definitely buy again.",positive
"The keyboard is decent for the price, not amazing.",neutral
"It's a standard blender, works fine for basic needs.",neutral
"Best printer I've ever bought, highly recommend it. Shipping was fast too.",positive
"This monitor is amazing, worth every penny.",positive
"This book is a scam, doesn't work as advertised. Complete waste of money.",negative
"The keyboard works as expected, no complaints really.",neutral
"Poor quality keyboard, would not recommend.",negative
"I absolutely love this backpack, it works perfectly! My whole family loves it.",positive
"The shoes works as expected, no complaints really.",neutral
"Top notch charger, fast delivery and great packaging.",positive
"Terrible build quality, this coffee maker is a huge letdown.",negative
"Poor quality speaker, would not recommend. Do not buy this.",negative
"The headphones is defective, requesting a refund immediately. Do not buy this.",negative
"This router is a scam, doesn't work as advertised.",negative
"The jacket stopped working within a week, awful. Asked for a refund.",negative
The vacuum cleaner arrived damaged and customer service was rude. Do not buy this.,negative
"The microwave is okay for casual use, nothing outstanding. Might consider other brands next time.",neutral
"Fantastic headphones, customer service was also great. Definitely a great buy.",positive
"The book is decent for the price, not amazing. Might consider other brands next time.",neutral
"Very happy with this laptop, five stars! Will be buying more from this brand.",positive
"Bad mouse, completely different from what was advertised.",negative
"Not bad, not great, just a regular book. It's okay for the price.",neutral
I'm so glad I bought,positive
"The monitor is okay for casual use, nothing outstanding. Nothing to write home about.",neutral
"The router is defective, requesting a refund immediately. Asked for a refund.",negative
"Fantastic laptop, customer service was also great. Will be buying more from this brand.",positive
"Worst camera I've ever purchased, total waste. Do not buy this.",negative
"This printer does what it says, nothing extraordinary. Nothing to write home about.",neutral
The vacuum cleaner is functional but the design could improve. Might consider other brands next time.,neutral
"Horrible experience with this coffee maker, never buying again. Asked for a refund.",negative
"The backpack is okay, nothing special about it. Nothing to write home about.",neutral
"This book is terrible, broke after one day. Never ordering from here again.",negative
This phone is cheaply made and fell apart quickly. Asked for a refund.,negative
"Outstanding television, will definitely buy again. Shipping was fast too.",positive
"The backpack works flawlessly, I'm impressed. My whole family loves it.",positive
Good mouse.,positive
"Bad microwave, completely different from what was advertised.",negative
"Average backpack, does the job but nothing more.",neutral
"Terrible build quality, this microwave is a huge letdown. Asked for a refund.",negative
"Extremely disappointed, the shoes does not work at all. Never ordering from here again.",negative
"Top notch shoes, fast delivery and great packaging. Shipping was fast too.",positive
"The phone is defective, requesting a refund immediately. Do not buy this.",negative
"Best backpack I've ever bought, highly recommend it. Definitely a great buy.",positive
This printer is cheaply made and fell apart quickly. Never ordering from here again.,negative
"This headphones is terrible, broke after one day.",negative
"It's a standard shoes, works fine for basic needs.",neutral
"Very happy with this television, five stars! Shipping was fast too.",positive
The laptop is functional but the design could improve. Might consider,neutral
"Average book, does the job but nothing more. Nothing to write home about.",neutral
"This printer is terrible, broke after one day.",negative
"Excellent quality, book arrived on time and works",positive
"Worst charger I've ever purchased, total waste.",negative
"Great router, exceeded my expectations. Will be buying more from this brand.",positive
"The microwave is defective, requesting a refund immediately.",negative
"Poor quality backpack,",negative
"Awful microwave, broke within days of use. Complete waste of money.",negative
"Very happy with this shoes, five stars!",positive
"This tablet is terrible, broke after one day. Do not buy this.",negative
"Horrible experience with this watch, never buying again.",negative
"The keyboard works flawlessly, I'm impressed. Definitely a great buy.",positive
"Worst backpack I've ever purchased, total waste. Never ordering from here again.",negative
"Not bad, not great, just a regular headphones. Nothing to write home about.",neutral
Worst camera I've ever,negative
"This shoes is terrible, broke after one day. Asked for a refund.",negative
"I absolutely love this coffee maker, it works perfectly! My whole family loves it.",positive
"Poor quality book, would not recommend. Asked for a refund.",negative
Bad charger.,negative
"This charger exceeded all my expectations, love it. My whole family loves it.",positive
This blender is cheaply made and fell apart quickly. Never ordering from here again.,negative
"Worst backpack I've ever purchased, total waste.",negative
The microwave arrived damaged and customer service was rude. Never ordering from here again.,negative
"Extremely disappointed, the laptop does not work at all.",negative
"Fantastic router, customer service was also great.",positive
"Really good blender, does exactly what it promises. Will be buying more from this brand.",positive
"Extremely disappointed, the phone does not work at all.",negative
The microwave is functional but the design could improve. Nothing to write home about.,neutral
The headphones arrived damaged and customer service was rude. Do not buy this.,negative
"Fantastic backpack, customer service was also great. Shipping was fast too.",positive
"I absolutely love this watch, it works perfectly! Will be buying more from this brand.",positive
"Awful camera, broke within days of use. Asked for a refund.",negative
"Best laptop I've ever bought, highly recommend it.",positive
"Worst backpack I've ever purchased, total waste. Asked for a refund.",negative
"This blender does what it says, nothing extraordinary. Nothing to write home about.",neutral
"The jacket is decent for the price, not amazing. Nothing to write home about.",neutral
"This charger does what it says, nothing extraordinary. Nothing to write home about.",neutral
"Outstanding blender, will definitely buy again. Will be buying more from this brand.",positive
"Great television, exceeded my expectations. My whole family loves it.",positive
Bad watch.,negative
"Average mouse, does the job but nothing more. It's okay for the price.",neutral
"Fantastic coffee maker, customer service was also great. Definitely a great buy.",positive
"This speaker is terrible, broke after one day. Asked for a refund.",negative
"The backpack is okay, nothing special about it.",neutral
"I'm so glad I bought this coffee maker, it's wonderful. Definitely a great buy.",positive
The television is functional but the design could improve.,neutral
"The camera is okay, nothing special about it. It's okay for the price.",neutral
"Nice laptop, thanks.",positive
"Horrible experience with this mouse, never buying again.",negative
"The blender is decent for the price, not amazing.",neutral
"This shoes is terrible, broke after one day. Complete waste of money.",negative
"The backpack is decent for the price, not amazing.",neutral
"It's an average tablet, meets basic requirements. Nothing to write home about.",neutral
"This headphones does what it says, nothing extraordinary. Nothing to write home about.",neutral
"This watch is fine, could be better though.",neutral
"Terrible build quality, this coffee maker is a huge letdown. Do not buy this.",negative
"Really good television, does exactly what it promises. Definitely a great buy.",positive
"It's a standard charger, works fine for basic needs. Nothing to write home about.",neutral
This phone is cheaply made and fell apart quickly. Do not buy this.,negative
"This phone exceeded all my expectations, love it.",positive
The vacuum cleaner is functional but the design could improve. It's,neutral
"Outstanding keyboard, will definitely buy again.",positive
"This book exceeded all my expectations, love it. Definitely a great buy.",positive
"Excellent quality, router arrived on time and works great. Shipping was fast too.",positive
"Bad vacuum cleaner, completely different from what was advertised. Never ordering from here again.",negative
"I'm so glad I bought this keyboard, it's wonderful. Will be buying more from this brand.",positive
"The blender works as expected, no",neutral
"Very happy with this backpack, five stars!",positive
"Terrible build quality, this television is a huge letdown.",negative
"Horrible experience with this printer, never buying again. Complete waste of money.",negative
"This laptop does what it says, nothing extraordinary. Might consider other brands next time.",neutral
"Horrible experience with this television, never buying again. Never ordering from here again.",negative
"Very happy with this laptop, five stars!",positive
"Reasonably priced coffee maker, performs adequately. Nothing",neutral
"Best keyboard I've ever bought, highly recommend it. Will be buying more from this brand.",positive
"Reasonably priced microwave,",neutral
"I absolutely love this speaker, it works perfectly! My whole family loves it.",positive
"Very happy with this microwave, five stars!",positive
"Great book, exceeded my expectations. My whole family loves it.",positive
"Really good tablet, does exactly what it promises. Shipping was fast too.",positive
"The book is okay, nothing special about it.",neutral
"The printer works flawlessly, I'm impressed. Shipping",positive
"It's an average tablet, meets basic requirements. It's okay for the price.",neutral
"Average microwave, does the job but nothing more. Nothing to write home about.",neutral
"This tablet exceeded all my expectations, love it. Shipping was fast too.",positive
"Awful microwave, broke within days of use. Asked for a refund.",negative
"The camera works as expected, no complaints really.",neutral
The coffee maker arrived damaged and customer service was rude. Do not buy this.,negative
"Bad watch, completely different from what was advertised.",negative
"Really good mouse, does exactly what it promises. Shipping was fast too.",positive
This backpack is cheaply made and fell apart quickly.,negative
"Horrible experience with this microwave, never buying again. Complete waste of money.",negative
"Poor quality charger, would not recommend. Do",negative
Good blender.,positive
"This keyboard is a scam, doesn't work as advertised. Never ordering from here again.",negative
"Extremely disappointed, the router does not work at all. Asked for a refund.",negative
"The monitor is okay, nothing special about it.",neutral
"Bad microwave, completely different from what was advertised. Do not buy this.",negative
"Not bad, not great, just a regular camera.",neutral
"Extremely disappointed, the watch does not work at all. Never ordering from here again.",negative
"Outstanding vacuum cleaner, will definitely buy again. Shipping was fast too.",positive
"Poor quality backpack, would not recommend. Do not buy this.",negative
"I'm so glad I bought this phone, it's wonderful. Will be buying",positive
"Awful coffee maker, broke within days of use. Complete waste of money.",negative
"Poor quality coffee maker, would not recommend.",negative
"I regret buying this vacuum cleaner, it's just useless. Asked for a refund.",negative
"Excellent quality, coffee maker arrived on time and works great. Definitely a great buy.",positive
"This charger is fine, could be better though.",neutral
"Superb build quality, this watch is fantastic. My whole family loves it.",positive
"Excellent quality, camera arrived on time and works great. Shipping was fast too.",positive
"Top notch monitor, fast delivery and great packaging. My whole family loves it.",positive
"Fantastic blender, customer service was also great.",positive
"It's a standard tablet, works fine for basic needs. Might consider other brands next time.",neutral
"It's a standard book, works fine for basic needs. It's okay for the price.",neutral
"Best charger I've ever bought, highly",positive
"Superb build quality, this jacket is fantastic.",positive
"Awful blender, broke within days of use.",negative
"This router does what it says, nothing extraordinary.",neutral
"The coffee maker is okay, nothing special about it. Might consider other brands next time.",neutral
"Outstanding camera, will definitely buy again. My whole family loves it.",positive
"I'm so glad I bought this headphones,",positive
"Not bad, not great, just a regular phone. It's okay for the price.",neutral
"This shoes does what it says, nothing extraordinary.",neutral
"Very happy with this shoes, five stars! My whole family loves it.",positive
"Superb build quality, this blender is fantastic.",positive
The watch is functional but the design,neutral
"Top notch jacket, fast delivery and great packaging. My whole family loves it.",positive
"Poor quality phone, would not recommend.",negative
"This microwave is amazing, worth every penny.",positive
"The headphones works as expected, no complaints really. Might consider other brands next time.",neutral
"The vacuum cleaner stopped working within a week, awful. Do not buy this.",negative
"It's a standard book, works fine for basic needs.",neutral
"Superb build quality, this router is fantastic.",positive
This mouse is cheaply made and fell apart quickly.,negative
"Really good laptop, does exactly what it promises. Will be buying more from this brand.",positive
"It's an average watch, meets basic requirements. It's okay for the price.",neutral
"The microwave stopped working within a week, awful. Asked for a refund.",negative
"Worst keyboard I've ever purchased, total",negative
"Extremely disappointed, the blender does",negative
"I absolutely love this mouse, it works perfectly! Definitely a great buy.",positive
"Superb build quality, this coffee maker is",positive
The shoes is functional but the design could improve.,neutral
"The phone is okay for casual use, nothing",neutral
"The speaker works as expected, no complaints really. It's okay for the price.",neutral
"Worst phone I've ever purchased, total waste. Complete",negative
"This printer is fine, could be better though. Might consider other brands next time.",neutral
"The television is decent for the price, not amazing.",neutral
"Great camera, exceeded my expectations.",positive
"Reasonably priced keyboard, performs adequately. Nothing to write home about.",neutral
"I'm so glad I bought this charger, it's wonderful. Will be buying",positive
"Perfect monitor for the price, couldn't be happier. Will be buying more from this brand.",positive
"This monitor exceeded all my expectations, love it. My whole family loves it.",positive
"The monitor works flawlessly, I'm impressed.",positive
"Worst tablet I've ever purchased, total waste. Asked for a refund.",negative
"Nice coffee maker, thanks.",positive
"Poor quality coffee maker,",negative
"The watch works flawlessly, I'm impressed. Will be buying more from this brand.",positive
"This blender does what it says, nothing extraordinary. It's okay for the price.",neutral
Good charger.,positive
"The backpack is okay for casual use, nothing outstanding. It's okay for the price.",neutral
"The camera is okay for casual use, nothing outstanding.",neutral
"The watch is okay for casual use, nothing outstanding. Might consider other brands next time.",neutral
"It's a standard mouse, works fine for basic needs.",neutral
"It's an average vacuum cleaner, meets basic requirements. Might consider other brands next time.",neutral
"The jacket is okay, nothing special about it. Might consider",neutral
"The jacket is decent for the price, not",neutral
"I absolutely love this jacket, it works perfectly!",positive
"The keyboard is defective, requesting a refund immediately. Do not buy this.",negative
"This book is amazing, worth every penny.",positive
"The watch is defective, requesting a refund immediately.",negative
"Bad vacuum cleaner, completely different from what was advertised.",negative
This book is cheaply made and fell apart quickly.,negative
"This shoes is a scam, doesn't",negative
"Extremely disappointed, the laptop does not work at all. Never ordering from here again.",negative
"Top notch backpack, fast delivery and great packaging.",positive
The microwave is functional but the design could improve. It's okay for the price.,neutral
This laptop is cheaply made and fell apart quickly. Asked for a refund.,negative
Good speaker.,positive
"This jacket does what it says, nothing extraordinary. Nothing to write home about.",neutral
"The router is okay for casual use, nothing outstanding.",neutral
"Horrible experience with this television, never buying again. Asked for a refund.",negative
"This camera is fine, could be better though.",neutral
"The coffee maker is okay for casual use, nothing outstanding.",neutral
"The blender stopped working within a week, awful. Asked for a refund.",negative
"Awful jacket, broke within days of use. Asked for a refund.",negative
"Nice keyboard, thanks.",positive
"The speaker is decent for the price, not amazing.",neutral
"Not bad, not great, just a",neutral
"It's an average printer, meets basic requirements. Might consider other brands next time.",neutral
"Best keyboard I've ever bought, highly recommend it. My whole family loves it.",positive
"Average router, does the job but nothing more. Might consider other brands next time.",neutral
The jacket is functional but the design could improve. It's okay for the price.,neutral
"Awful camera, broke within days of use.",negative
The phone is functional but the design could improve. Might,neutral
The microwave is okay for,neutral
"Horrible experience with this speaker, never buying again.",negative
"Horrible experience with this television, never buying again. Do not buy this.",negative
This television is cheaply made and fell apart quickly.,negative
"This camera exceeded all my expectations, love it. Will be buying more from this brand.",positive
"Excellent quality, monitor arrived on time and works great. Shipping was fast too.",positive
"The keyboard is defective, requesting a refund immediately.",negative
"I absolutely love this watch, it works perfectly! Shipping was fast too.",positive
"Perfect coffee maker for the price, couldn't",positive
"Awful backpack, broke within days of use. Asked for a refund.",negative
"The speaker is okay, nothing special about it.",neutral
"Reasonably priced printer, performs adequately. Might consider other",neutral
"Great television, exceeded my expectations.",positive
"Top notch laptop, fast delivery and great packaging. Shipping was fast too.",positive
"The shoes works flawlessly, I'm impressed. My whole family loves it.",positive
"Not bad, not great, just a regular shoes. Nothing to write home about.",neutral
"Really good backpack, does exactly",positive
"Worst speaker I've ever purchased, total waste.",negative
"The router is decent for the price, not amazing.",neutral
"I'm so glad I bought this jacket, it's wonderful. Definitely a great buy.",positive
"The phone is okay for casual use, nothing outstanding.",neutral
"The backpack works flawlessly, I'm impressed.",positive
"This phone exceeded all my expectations, love it. Shipping was fast too.",positive
"I regret buying this charger, it's",negative
"Worst printer I've ever purchased, total waste. Complete waste of money.",negative
"Poor quality camera, would not recommend. Complete waste of money.",negative
"I'm so glad I bought this mouse, it's wonderful. Shipping was fast too.",positive
"The tablet is okay, nothing special about it.",neutral
"The microwave is defective, requesting a refund immediately. Do not buy this.",negative
"It's a standard tablet, works fine for basic needs.",neutral
"Average television, does the job but nothing more. Nothing to write home about.",neutral
The monitor stopped working within,negative
"Bad charger, completely different from what was advertised. Asked for a refund.",negative
"Average watch, does the job but nothing more. It's okay for the price.",neutral
"I'm so glad I bought this backpack, it's wonderful. My whole family loves it.",positive
"The camera works as expected, no complaints",neutral
"Superb build quality, this coffee maker is fantastic. Definitely a great buy.",positive
The keyboard arrived damaged and customer service was,negative
"Worst printer I've ever purchased, total waste. Asked for a refund.",negative
"This jacket is terrible, broke after one day.",negative
"The mouse is decent for the price, not amazing. Nothing to write home about.",neutral
"Average blender, does the job but nothing more.",neutral
"This printer is terrible, broke after one",negative
"Poor quality blender, would not recommend. Complete waste of money.",negative
"The charger works as expected, no complaints really. It's okay for the price.",neutral
"This laptop exceeded all my expectations, love it. Definitely a great buy.",positive
"Best book I've ever bought, highly recommend it. My whole family loves it.",positive
"The headphones works flawlessly, I'm impressed. Definitely a great buy.",positive
"The phone is decent for the price, not amazing. Nothing to write home about.",neutral
"The router is okay for casual use, nothing outstanding. It's okay for the price.",neutral
"Awful vacuum cleaner, broke within",negative
"Bad television, completely different from",negative
"The television is okay, nothing special about it. Nothing to write home about.",neutral
"Not bad, not great, just a regular laptop. Might consider other brands next time.",neutral
"I absolutely love this jacket, it works perfectly! Definitely a great buy.",positive
The camera arrived damaged and customer service was rude. Asked for a refund.,negative
"It's an average backpack, meets basic requirements.",neutral
"Really good jacket, does exactly what it promises.",positive
"This keyboard is terrible, broke after one day. Complete waste of money.",negative
"I'm so glad I bought this camera, it's wonderful. My whole family loves it.",positive
"The television works as expected, no complaints really. Might consider other brands next time.",neutral
"Perfect coffee maker for the price, couldn't be happier. Definitely a great buy.",positive
"This jacket is amazing, worth every penny. Shipping was fast too.",positive
"Poor quality vacuum cleaner, would not recommend. Never",negative
The router is okay,neutral
"I absolutely love this monitor, it works perfectly! My whole family loves it.",positive
"It's a standard jacket, works fine for basic needs. It's okay for the price.",neutral
"Best book I've ever bought, highly recommend it. Shipping was fast too.",positive
"The jacket stopped working within a week, awful.",negative
"Very happy with this microwave, five stars! Definitely a great buy.",positive
"The shoes is okay for casual use, nothing outstanding. Nothing to write home about.",neutral
The printer arrived damaged and customer service was rude. Asked for a refund.,negative
"Best laptop I've ever bought, highly recommend it. Will be buying more from this brand.",positive
"Fantastic speaker, customer service was also great. Will be buying more",positive
"Not bad, not great, just a regular tablet. It's okay for the price.",neutral
"Best television I've ever bought, highly recommend it. Definitely a great buy.",positive
"This tablet is terrible, broke after one day.",negative
"Bad watch, completely different from",negative
"Really good book, does exactly what it promises. Definitely a great buy.",positive
"I regret buying this coffee maker, it's just useless. Do not buy this.",negative
"Waste, avoid this mouse.",negative
"Really good blender, does exactly what it promises. Will be",positive
"Average vacuum cleaner, does the job",neutral
"Average printer, does the job but nothing more. It's okay for the price.",neutral
"This microwave exceeded all my expectations, love it. Shipping was fast too.",positive
"This microwave is terrible,",negative
"The blender is defective, requesting a refund immediately. Do not buy this.",negative
"Not bad, not great, just a regular",neutral
"Perfect printer for the price, couldn't be happier. My whole family loves it.",positive
"This mouse exceeded all my expectations,",positive
The television is okay for,neutral
"The backpack works as expected, no complaints really.",neutral
"This camera is terrible, broke after one day.",negative
"I'm so glad I bought this television, it's wonderful. Shipping was fast too.",positive
"Bad vacuum cleaner, completely different from what was advertised. Complete waste of money.",negative
"This headphones exceeded all my expectations, love it. Definitely a great buy.",positive
"Horrible experience with this blender, never buying again. Complete waste of money.",negative
"Bad backpack, completely different from what was advertised. Asked for a refund.",negative
"It's an average mouse, meets basic requirements.",neutral
"This keyboard is fine, could be better though. Nothing to write home about.",neutral
"Very disappointed with this mouse, waste",negative
"Average charger, does the job but nothing more. It's okay for the price.",neutral
"I regret buying this charger, it's just useless. Never ordering from here again.",negative
"Best printer I've ever bought, highly recommend it. Definitely a great buy.",positive
"The monitor works flawlessly, I'm impressed. Will be buying more",positive
The speaker is functional but the design could improve.,neutral
"This blender is a scam, doesn't work as advertised. Asked for a refund.",negative
"The mouse is decent for the price, not amazing. It's okay for the price.",neutral
"The blender stopped working within a week, awful. Never ordering from here again.",negative
"The laptop is defective, requesting a refund immediately.",negative
"The vacuum cleaner is okay for casual use, nothing outstanding. Might",neutral
"Outstanding tablet, will definitely buy again. Definitely a great buy.",positive
"Not bad, not great, just a regular speaker. Nothing",neutral
"Perfect laptop for the price, couldn't be happier. My whole family loves it.",positive
Good laptop.,positive
"Outstanding camera, will definitely buy again. Definitely a great buy.",positive
"Average shoes, does the job but nothing more. Might consider other brands next time.",neutral
"The mouse is defective, requesting a refund immediately.",negative
"The laptop stopped working within a week, awful.",negative
"It's a standard charger, works fine for basic needs. It's okay for the price.",neutral
"This watch is terrible, broke after one day. Complete waste of money.",negative
"Worst jacket I've ever purchased, total waste. Never ordering from here again.",negative
"Great printer, exceeded my expectations. Will be buying more from this brand.",positive
"I'm so glad I bought this blender, it's wonderful.",positive
"I absolutely love this tablet, it works perfectly! My whole family loves it.",positive
"Best router I've ever bought, highly",positive
"Fantastic television, customer service was also great. Shipping was fast too.",positive
Worst backpack I've ever,negative
"The watch stopped working within a week, awful.",negative
"Poor quality speaker, would not recommend. Never ordering from here again.",negative
"Waste, avoid this microwave.",negative
"I'm so glad I bought this printer, it's wonderful. My",positive
"It's a standard keyboard, works fine for basic needs. Might consider other brands next time.",neutral
The headphones is functional but the design could improve. Might consider other brands next time.,neutral
"Bad mouse, completely different from what was advertised. Never ordering from here again.",negative
"It's a standard speaker, works fine for basic needs. Nothing to write home about.",neutral
"Not bad, not great, just a regular printer. Might consider other brands next time.",neutral
"This phone is a scam, doesn't work as advertised.",negative
"Very happy with this vacuum cleaner, five stars! Will be",positive
"The mouse stopped working within a week, awful. Do not buy this.",negative
"Great jacket, exceeded my expectations. Will be buying more from this brand.",positive
"Reasonably priced tablet, performs adequately. It's okay for the price.",neutral
"Best charger I've ever bought, highly recommend it. Definitely a great buy.",positive
"The coffee maker is defective, requesting a refund immediately. Asked for a refund.",negative
"This camera is terrible, broke after one day. Complete waste of money.",negative
"Poor quality microwave, would",negative
"Average printer, does the job but nothing more. Nothing to write home about.",neutral
"This backpack does what it says, nothing extraordinary.",neutral
"Nice printer, thanks.",positive
"The blender is okay, nothing special about it. It's okay for the price.",neutral
"This blender is amazing, worth every",positive
"Awful tablet, broke within days of use. Asked for a refund.",negative
"The camera is decent for the price, not amazing.",neutral
"Not bad, not great, just a regular jacket. Nothing to write home about.",neutral
Bad camera.,negative
"Excellent quality, camera arrived on time and works great.",positive
"The headphones is decent for the price, not amazing. Might consider other brands next time.",neutral
The headphones stopped working within,negative
"This keyboard is amazing, worth",positive
"Top notch blender, fast delivery and great packaging. My",positive
"It's a standard mouse,",neutral
"This keyboard exceeded all my expectations, love it. My whole family loves it.",positive
"The printer is okay, nothing special about it.",neutral
"The mouse works flawlessly, I'm impressed. My whole family loves it.",positive
"Very happy with this jacket, five stars! Shipping was fast too.",positive
"Extremely disappointed, the jacket does not work at all.",negative
"It's an average coffee maker, meets basic requirements. It's okay for the price.",neutral
"This television exceeded all my expectations, love it.",positive
"It's an average shoes, meets basic requirements. It's okay for the price.",neutral
"Reasonably priced monitor, performs adequately.",neutral
"It's a standard television, works fine for basic needs. It's okay for the price.",neutral
"Best jacket I've ever bought, highly recommend it. Shipping was fast too.",positive
"This vacuum cleaner exceeded all my expectations, love it. Shipping was fast too.",positive
"Top notch microwave, fast delivery and great packaging.",positive
"The router works as expected, no complaints really.",neutral
"Really good charger, does exactly what it promises.",positive
"Worst tablet I've ever purchased, total waste.",negative
"I absolutely love this television, it works perfectly!",positive
"Superb build quality, this headphones is",positive
"I absolutely love this blender, it works perfectly! My whole family loves it.",positive
"The speaker works flawlessly, I'm impressed. Will be buying more from this brand.",positive
"Very happy with this router, five stars! Will be buying more from this brand.",positive
"Top notch tablet, fast delivery and great packaging. Will be buying more from this brand.",positive
"The shoes is defective, requesting a refund immediately. Complete waste of money.",negative
"Superb build quality, this headphones is fantastic. Will be buying more from this brand.",positive
"Extremely disappointed, the watch does not work",negative
"This vacuum cleaner does what it says, nothing extraordinary. Might consider other brands next time.",neutral
"Waste, avoid this jacket.",negative
"Not bad, not great, just a regular printer.",neutral
"Outstanding headphones, will definitely buy again. Will be buying more from this brand.",positive
"This tablet does what it says, nothing extraordinary.",neutral
"Extremely disappointed, the phone does not work at all. Do not buy this.",negative
"This headphones is amazing, worth every penny. Shipping was fast too.",positive
"I absolutely love this jacket, it works perfectly! My whole family loves it.",positive
The television arrived damaged and customer service was rude.,negative
"This charger does what it says, nothing extraordinary.",neutral
"Poor quality jacket, would not recommend.",negative
"Very disappointed with this watch, waste of money.",negative
"Really good television, does exactly what it promises.",positive
"The blender works as expected, no complaints really. Nothing to write home about.",neutral
"This microwave is fine, could be better",neutral
"The tablet works as expected, no complaints really. It's okay for the price.",neutral
The watch is functional but the design could improve.,neutral
"This monitor is fine, could be better though. Nothing to write home about.",neutral
"Reasonably priced shoes, performs adequately. It's",neutral
"Reasonably priced watch, performs adequately. It's okay for the price.",neutral
"This blender exceeded all my expectations, love it. Definitely a great buy.",positive
"It's an average coffee maker, meets basic requirements. Nothing to write home about.",neutral
"Great printer, exceeded my expectations. Shipping was fast too.",positive
"The watch is defective, requesting a refund immediately. Do not buy this.",negative
"Best watch I've ever bought, highly recommend",positive
"The jacket stopped working within a week, awful. Never ordering from here again.",negative
This jacket does what,neutral
"Horrible experience with this printer, never buying again.",negative
"Bad camera, completely different from what was advertised. Complete waste of money.",negative
The phone is functional but the design could improve.,neutral
"Best blender I've ever bought, highly recommend it.",positive
"This microwave does what it says, nothing extraordinary. Might consider",neutral
"Very happy with this tablet, five stars! My whole family loves it.",positive
"I absolutely love this tablet, it works",positive
"Great watch, exceeded my expectations.",positive
"Very disappointed with this charger, waste of money.",negative
This mouse is cheaply made and fell apart quickly. Never ordering from here again.,negative
"I regret buying this monitor, it's just useless. Do not buy this.",negative
"The phone stopped working within a week, awful. Complete waste of money.",negative
"Average speaker, does the job but",neutral
"Extremely disappointed, the shoes does not work at all. Asked for a refund.",negative
The monitor arrived damaged and customer service was rude. Do not buy this.,negative
"The speaker is okay for casual use, nothing outstanding. It's okay for the price.",neutral
"The camera works flawlessly, I'm impressed.",positive
"Horrible experience with this speaker, never buying again. Do not buy this.",negative
"Terrible build quality, this vacuum cleaner is a huge letdown. Do not buy this.",negative
"Awful phone, broke within days of use. Never ordering from here again.",negative
"Perfect microwave for the price, couldn't be happier.",positive
"I absolutely love this headphones, it works perfectly! Shipping was fast too.",positive
"Superb build quality, this printer is fantastic. Definitely a great buy.",positive
"Superb build quality, this keyboard is fantastic.",positive
"Extremely disappointed, the laptop does not work at all. Asked for a refund.",negative
The jacket is functional but the design could,neutral
"Excellent quality, printer arrived on time and works great.",positive
"The tablet works as expected, no complaints really. Might consider other brands next time.",neutral
"Waste, avoid this book.",negative
"Not bad, not great, just a regular monitor. Nothing to write home about.",neutral
The camera is functional but the design could improve. Nothing to write home about.,neutral
"Not bad, not great, just a regular vacuum cleaner. It's okay for the price.",neutral
"Outstanding speaker, will definitely buy again. Definitely a great buy.",positive
"Extremely disappointed, the router does not work at all.",negative
"It's a standard vacuum cleaner, works fine for basic needs. Nothing to write home about.",neutral
"The keyboard works flawlessly, I'm impressed. Will be buying more from this brand.",positive
"This coffee maker exceeded all my expectations, love it. My whole family loves it.",positive
"Excellent quality, coffee maker arrived on time and works great.",positive
"The charger works flawlessly, I'm impressed. My whole family loves it.",positive
"The tablet works flawlessly, I'm impressed. My whole family loves it.",positive
"Superb build quality, this shoes is fantastic. Will be buying more from this brand.",positive
"Extremely disappointed, the backpack does not work at all. Never ordering from here again.",negative
"Worst blender I've ever purchased, total waste.",negative
"I regret buying this backpack, it's just useless. Complete waste of money.",negative
Okay watch.,neutral
"The printer is defective, requesting a refund",negative
"Outstanding headphones, will definitely buy again.",positive
"The speaker stopped working within a week, awful.",negative
"The vacuum cleaner is okay for casual use, nothing outstanding. It's okay for the price.",neutral
"Horrible experience with this microwave, never buying again. Do not buy this.",negative
The speaker is functional but the design could improve. Might consider other brands next time.,neutral
"Fantastic printer, customer service was also great. Definitely a great buy.",positive
"I'm so glad I bought this keyboard, it's wonderful. Definitely a great buy.",positive
"Top notch phone, fast delivery and great packaging. Definitely a great buy.",positive
"The phone stopped working within a week, awful.",negative
"Reasonably priced shoes, performs adequately.",neutral
"I'm so glad I bought this television, it's wonderful. Definitely a great buy.",positive
"Reasonably priced watch, performs adequately. Might consider other",neutral
"The camera works flawlessly, I'm impressed. Definitely",positive
"Excellent quality, book arrived on time and works great. Will be buying more from this brand.",positive
"Top notch router, fast delivery and",positive
"Reasonably priced camera, performs adequately.",neutral
This shoes is cheaply made and fell apart quickly. Complete waste of money.,negative
"The vacuum cleaner is defective,",negative
"I absolutely love this router, it works perfectly!",positive
"I absolutely love this charger, it works perfectly!",positive
"I absolutely love this coffee maker, it works perfectly! Definitely a great buy.",positive
"Fantastic microwave, customer service was also great. Definitely a great buy.",positive
"Great shoes, exceeded",positive
"Superb build quality, this headphones is fantastic.",positive
"Not bad, not great, just a regular book.",neutral
"Horrible experience with this backpack, never",negative
"Not bad, not great, just a regular mouse. Might consider other brands next time.",neutral
"I'm so glad I bought this headphones, it's wonderful. Shipping was fast too.",positive
"The tablet is decent for the price, not amazing. Nothing to write home about.",neutral
"Great router, exceeded my expectations. Shipping was fast too.",positive
"This shoes does what it says, nothing extraordinary. Nothing to write home about.",neutral
"Perfect shoes for the price, couldn't be happier. Will be buying more from this brand.",positive
"Very disappointed with this blender, waste of money. Do",negative
"Not bad, not great, just a regular television. Might consider other brands next time.",neutral
"It's an average laptop, meets basic requirements. Nothing to",neutral
"Very disappointed with this headphones, waste of money. Do not buy this.",negative
"This book is terrible, broke after one day.",negative
Bad shoes.,negative
"Reasonably priced camera, performs adequately. Nothing to write home about.",neutral
The mouse arrived damaged and customer service was rude. Do not buy this.,negative
"Waste, avoid this phone.",negative
The router arrived damaged and customer service was rude. Never ordering from here again.,negative
"Reasonably priced headphones, performs adequately.",neutral
"I absolutely love this book, it works perfectly! Definitely a great buy.",positive
This router is cheaply made and fell apart quickly. Complete waste of money.,negative
"This charger is terrible, broke after one day. Never ordering from here again.",negative
Okay charger.,neutral
"Superb build quality, this printer is fantastic.",positive
"Perfect monitor for the price, couldn't be happier.",positive
"I'm so glad I bought this printer, it's wonderful. My whole family loves it.",positive
"Very disappointed with this laptop, waste of money. Complete waste of money.",negative
"Top notch charger, fast delivery and great",positive
"Average headphones, does the job but nothing more. It's okay for the price.",neutral
"Outstanding mouse, will definitely buy again. My whole family loves it.",positive
"I'm so glad I bought this tablet, it's wonderful. Will be buying more from this brand.",positive
"The microwave is okay for casual use, nothing outstanding.",neutral
"Bad camera, completely different from what was advertised. Asked for a refund.",negative
"The mouse works as expected, no complaints really. Nothing to write home about.",neutral
"The headphones is okay, nothing special about",neutral
"Waste, avoid this watch.",negative
Bad television.,negative
Bad speaker.,negative
"This headphones does what it says, nothing extraordinary. It's okay",neutral
"Very happy with this book, five",positive
"Poor quality tablet, would not recommend.",negative
"This microwave does what it says, nothing extraordinary. Might consider other brands next time.",neutral
"Awful laptop, broke within days of use. Asked for a refund.",negative
"The jacket is okay, nothing special about it. Might consider other brands next time.",neutral
"I regret buying this printer, it's just useless. Never ordering from here again.",negative
"This book is a scam, doesn't work as advertised. Never ordering from here again.",negative
"This laptop does what it says, nothing",neutral
This tablet is cheaply made and fell apart quickly. Do not buy this.,negative
"This charger does what it says, nothing extraordinary. Might consider other brands next time.",neutral
This printer is cheaply made and fell apart quickly. Asked for a refund.,negative
"Terrible build quality, this vacuum cleaner is a huge letdown. Complete waste of money.",negative
"I regret buying this charger, it's just useless. Complete waste of money.",negative
"It's a standard coffee maker, works fine for basic needs. It's okay for the price.",neutral
"Extremely disappointed, the book does not work at all.",negative
"This printer is fine, could be better though.",neutral
"The book works as expected, no complaints really.",neutral
"The jacket is defective, requesting a refund immediately. Do not buy this.",negative
"I'm so glad I bought this headphones, it's wonderful. Definitely a great buy.",positive
The router arrived damaged and customer service was rude.,negative
"Average coffee maker, does the job but nothing more. Might consider other brands next time.",neutral
"The speaker works as expected, no complaints",neutral
"This vacuum cleaner is a scam, doesn't work as advertised. Asked for a refund.",negative
"Awful vacuum cleaner, broke within days of use. Never ordering from here again.",negative
"It's an average phone, meets basic requirements. Nothing to write home about.",neutral
"I absolutely love this mouse, it works perfectly! Will be buying more from this brand.",positive
"Horrible experience with this microwave, never buying again. Never ordering from here again.",negative
"I'm so glad I bought this jacket, it's wonderful.",positive
"This vacuum cleaner is terrible, broke after one day. Complete waste of money.",negative
"The laptop is okay for casual use, nothing outstanding. Nothing to write home about.",neutral
"The laptop works as expected, no complaints really. Might consider other brands next time.",neutral
"This shoes does what it says, nothing extraordinary. It's okay for the price.",neutral
"I regret buying this backpack, it's",negative
"Reasonably priced speaker, performs adequately. Might",neutral
"Poor quality keyboard, would",negative
"Horrible experience with this book, never buying again.",negative
"Great jacket, exceeded my expectations.",positive
"The backpack works as expected, no complaints really. Might consider other brands next time.",neutral
"Very disappointed with this watch, waste of money. Do not buy this.",negative
"This phone is fine, could be better though.",neutral
"This keyboard is a scam, doesn't work as advertised.",negative
"Extremely disappointed, the laptop does not work at all. Do not buy this.",negative
"The vacuum cleaner works flawlessly, I'm impressed. Will be",positive
"This router is terrible, broke after one",negative
"Bad speaker, completely different from what was advertised.",negative
"Great vacuum cleaner, exceeded my expectations. Will be",positive
"Extremely disappointed, the microwave does not work at all. Complete waste of money.",negative
"Awful laptop, broke within days of use.",negative
"This watch exceeded all my expectations, love it. Will be buying more from this brand.",positive
"Poor quality charger, would",negative
"Extremely disappointed, the television does not work at all. Asked for a refund.",negative
"This keyboard is amazing, worth every penny. Shipping",positive
"Top notch router, fast delivery and great packaging. Shipping was fast too.",positive
"The mouse works as expected, no complaints really.",neutral
"I regret buying this camera, it's just useless. Complete waste of money.",negative
"This phone is fine, could be better though. It's okay for the price.",neutral
"Average router, does the job but nothing more. Nothing to write home about.",neutral
"Outstanding coffee maker, will definitely buy again. My whole family loves it.",positive
"Fantastic tablet, customer service was also great.",positive
"Fantastic backpack, customer service",positive
"Fantastic jacket, customer service was also great. Definitely a great buy.",positive
"Extremely disappointed, the charger does not work",negative
"Best television I've ever bought, highly",positive
"Bad watch, completely different from what was advertised. Complete waste of money.",negative
"Very happy with this printer, five stars! Definitely a great buy.",positive
"Awful phone, broke within days of use. Complete",negative
"The keyboard works as expected, no complaints",neutral
"Really good speaker, does exactly what it promises. Shipping was fast too.",positive
"It's an average charger, meets basic requirements. Might consider other brands next time.",neutral
"Best charger I've ever bought, highly recommend it.",positive
"The headphones is okay for casual use, nothing outstanding. It's okay for the price.",neutral
"It's a standard laptop, works fine for basic needs.",neutral
"Terrible build quality, this printer is a huge",negative
"Terrible build quality, this shoes is a huge letdown.",negative
"Reasonably priced coffee maker, performs adequately. Might consider other brands next time.",neutral
"Terrible build quality, this watch",negative
"Awful speaker, broke within days of use.",negative
"Fantastic shoes, customer service was also great.",positive
"This keyboard is fine, could be better though.",neutral
"Best watch I've ever bought, highly recommend it.",positive
"Horrible experience with this charger, never buying again. Complete waste of money.",negative
"The monitor works as expected, no complaints really.",neutral
"This coffee maker is fine, could be better though. Nothing to write home about.",neutral
"Outstanding vacuum cleaner, will definitely buy again. Definitely a great buy.",positive
"Best jacket I've ever bought, highly recommend it. Definitely a great buy.",positive
"Really good keyboard, does exactly what it promises.",positive
"Really good tablet, does exactly what it",positive
"It's a standard jacket, works fine for basic needs.",neutral
"The printer is defective, requesting a refund immediately. Do not buy this.",negative
"It's an average laptop, meets basic requirements. It's okay for the price.",neutral
"Not bad, not great, just a regular coffee maker. It's okay for the price.",neutral
"It's a standard mouse, works fine for basic needs. Nothing to write home about.",neutral
"It's an average monitor, meets basic requirements. It's okay for the price.",neutral
"Not bad, not great, just a regular coffee maker. Nothing to write home about.",neutral
"The keyboard works as expected, no complaints really. Might consider other brands next time.",neutral
"Best television I've ever bought, highly recommend it. Will be buying more from this brand.",positive
"Fantastic coffee maker, customer service was also great.",positive
"Very happy with this speaker, five stars! Will be buying more from this brand.",positive
"This microwave does what it says, nothing",neutral
"Fantastic mouse, customer service was also great. Definitely a great buy.",positive
"Fantastic blender, customer service was also great. My whole family loves it.",positive
"Superb build quality, this backpack is fantastic. Shipping was fast too.",positive
"I'm so glad I bought this shoes, it's wonderful. Will be buying more from this brand.",positive
"Fantastic keyboard, customer service was also great. Definitely a great buy.",positive
The laptop is functional but the design could improve. Nothing to write home about.,neutral
"It's a standard mouse, works fine for basic needs. It's okay for the price.",neutral
"Top notch book, fast delivery and",positive
"Very disappointed with this keyboard, waste of money. Complete waste of money.",negative
This jacket is cheaply made and fell apart quickly. Never ordering from here again.,negative
"This coffee maker exceeded all my expectations, love it. Definitely a great buy.",positive
"Fantastic charger, customer service was also great. Definitely a great buy.",positive
"Poor quality monitor, would not recommend.",negative
"Perfect backpack for the price, couldn't be happier. Definitely a great buy.",positive
"It's a standard shoes, works fine for basic needs. Might consider other brands next time.",neutral
"The phone is defective, requesting a refund immediately.",negative
"Awful microwave, broke within days of use. Never ordering from here again.",negative
"The camera is okay, nothing special about it. Nothing to",neutral
"Superb build quality, this printer is fantastic. Will be buying more from this brand.",positive
"I absolutely love this charger, it works perfectly! My whole family loves it.",positive
"Best speaker I've ever bought, highly recommend it.",positive
"Outstanding monitor, will definitely buy again. Definitely a great buy.",positive
"Excellent quality, blender arrived on time and works great. Definitely a great buy.",positive
The watch arrived damaged and customer service was rude. Asked for a refund.,negative
"Top notch blender, fast delivery and great",positive
The book arrived damaged and customer service was rude. Never ordering from here again.,negative
"This camera is amazing, worth every penny.",positive
"Bad charger, completely different from",negative
"This headphones is terrible, broke after one day. Asked for a refund.",negative
"The printer is okay, nothing special about it. It's okay for the price.",neutral
"Fantastic phone, customer service was also great. Will be buying more from this brand.",positive
"Extremely disappointed, the blender does not work at all. Never ordering from here again.",negative
"Bad headphones, completely different from what was advertised.",negative
"I regret buying this router, it's just useless. Asked for a refund.",negative
"Very happy with this charger, five stars! My whole family loves it.",positive
"This charger is amazing, worth every penny. Definitely a great buy.",positive
The headphones arrived damaged and customer service was rude. Asked for a refund.,negative
This coffee maker is cheaply made and fell apart quickly.,negative
"This mouse exceeded all my expectations, love it. Definitely a great buy.",positive
"It's an average coffee maker, meets basic requirements.",neutral
"Really good book, does exactly what it promises. Will be buying more from this brand.",positive
"This charger is amazing, worth every penny.",positive
"Very disappointed with this watch, waste of",negative
"Bad camera, completely different from what was advertised. Do not buy this.",negative
"Extremely disappointed, the charger does not work at all.",negative
"Awful coffee maker, broke within days of use. Do not buy this.",negative
"This printer is terrible, broke after one day. Asked for a refund.",negative
"Very happy with this headphones, five stars! Will be buying more from this brand.",positive
"Poor quality microwave, would not recommend. Complete waste of money.",negative
"Excellent quality, laptop arrived on time and works great. My whole family loves it.",positive
"Perfect mouse for the price, couldn't be happier. Shipping was fast too.",positive
"The keyboard is defective, requesting a refund immediately. Complete waste of money.",negative
"I regret buying this coffee maker, it's just useless.",negative
"The blender works flawlessly, I'm impressed. Shipping was fast too.",positive
This blender is cheaply made and fell apart quickly. Do not buy this.,negative
"The charger is okay for casual use, nothing outstanding.",neutral
"Superb build quality, this monitor is fantastic. Shipping was fast too.",positive
"Outstanding jacket, will definitely buy again. Definitely a great buy.",positive
"The keyboard is decent for the price, not amazing. It's okay for the price.",neutral
The microwave arrived damaged and customer service was rude. Do not buy this.,negative
This monitor is cheaply made and fell apart quickly.,negative
"It's a standard vacuum cleaner, works fine for basic needs. It's okay for the price.",neutral
"Fantastic book, customer service was also great. Shipping",positive
"Terrible build quality, this keyboard is a huge letdown.",negative
"It's an average monitor,",neutral
"Awful laptop, broke",negative
"Fantastic headphones, customer service was also great. My whole family loves it.",positive
"Outstanding shoes, will definitely buy again. Definitely",positive
"The backpack stopped working within a week, awful. Complete waste of money.",negative
"I'm so glad I bought this speaker, it's wonderful. Will be buying more from this brand.",positive
"Not bad, not great, just a regular microwave. Might consider other brands next time.",neutral
"I regret buying this phone, it's just useless. Asked for a refund.",negative
"This printer is a scam, doesn't work as advertised. Never ordering from here again.",negative
The microwave is functional but the design could improve.,neutral
"This vacuum cleaner is terrible, broke after one day.",negative
"I regret buying this microwave, it's just useless.",negative
"I absolutely love this headphones, it works perfectly! My whole family loves it.",positive
"This vacuum cleaner is a scam, doesn't work as advertised. Do not buy this.",negative
"It's an average backpack, meets basic requirements. It's okay for the price.",neutral
"Reasonably priced laptop,",neutral
"Awful router, broke",negative
"The printer works as expected, no complaints really. It's okay for the price.",neutral
"The microwave works flawlessly, I'm impressed. Shipping was fast too.",positive
"Perfect camera for the price, couldn't be happier. Definitely a great buy.",positive
"Worst book I've ever purchased, total waste. Never ordering from here again.",negative
"Fantastic mouse, customer service was also great. Will be buying more from this brand.",positive
"I absolutely love this phone, it works perfectly!",positive
"Very happy with this television, five stars! My whole family loves it.",positive
"Not bad, not great, just a regular speaker. Nothing to write home about.",neutral
"This blender is terrible, broke after one day. Do not buy this.",negative
"It's an average book, meets basic requirements. Might consider other brands next time.",neutral
"Horrible experience with this tablet, never buying again. Complete waste of money.",negative
"I'm so glad I bought this mouse, it's",positive
"The charger works flawlessly, I'm impressed.",positive
The mouse is functional but,neutral
"It's an average tablet, meets basic requirements.",neutral
"The mouse stopped working within a week, awful. Asked for a refund.",negative
"Perfect speaker for the price, couldn't be happier.",positive
"The laptop is defective, requesting a refund immediately. Never ordering from here again.",negative
"This backpack is terrible, broke after one day. Never ordering from here again.",negative
"Perfect speaker for the price, couldn't be happier. My whole family loves it.",positive
"The speaker is okay, nothing special about it. Nothing to write home about.",neutral
"I regret buying this mouse, it's just useless.",negative
The blender is functional but the design could improve. Might consider other brands next time.,neutral
"Horrible experience with this printer, never buying again. Never ordering from here again.",negative
"It's an average router, meets basic requirements. Might consider other brands next time.",neutral
"Excellent quality, router arrived on time and works great.",positive
"This shoes is fine, could be better though. It's okay for the price.",neutral
"Outstanding keyboard, will definitely",positive
This laptop is cheaply made and fell apart quickly. Never ordering from here again.,negative
"Outstanding printer, will definitely buy again. My whole family loves it.",positive
"This speaker is a scam, doesn't work as advertised. Never ordering from here again.",negative
"Excellent quality, shoes arrived on time and works great. Shipping was fast too.",positive
"This charger is a scam, doesn't work as advertised.",negative
"Terrible build quality, this camera is a huge letdown.",negative
"This phone is terrible, broke after one day. Asked for a refund.",negative
"The coffee maker is okay, nothing",neutral
"Awful charger, broke within days of use. Never",negative
This router is cheaply made and fell,negative
"This camera does what it says, nothing extraordinary. Nothing to write home about.",neutral
"Very disappointed with this coffee maker, waste of money.",negative
"Horrible experience with this shoes, never buying again.",negative
"I'm so glad I bought this mouse, it's wonderful.",positive
"Very disappointed with this shoes, waste of money. Do not buy this.",negative
"It's a standard microwave, works fine for basic needs. Nothing to write home about.",neutral
"I absolutely love this laptop, it works perfectly! Shipping was fast too.",positive
Good phone.,positive
"The keyboard is okay for casual use, nothing outstanding. It's okay for the price.",neutral
"Awful monitor, broke within days of use. Never ordering from here again.",negative
"Best jacket I've ever bought, highly recommend it.",positive
"Great jacket, exceeded my expectations. Shipping was fast too.",positive
"Very disappointed with this camera, waste of money. Never ordering from here again.",negative
"The charger is decent for the price, not amazing. Nothing to write home about.",neutral
"Superb build quality, this tablet is fantastic.",positive
The speaker is functional but the design could improve. Nothing to write home about.,neutral
"It's a standard printer, works",neutral
"Best router I've ever bought, highly recommend it. Shipping was fast too.",positive
"The vacuum cleaner is decent for the price, not amazing. Might consider other brands next time.",neutral
The jacket is functional but the design could improve.,neutral
"The mouse is okay for casual use, nothing outstanding.",neutral
"Superb build quality, this watch is fantastic. Will be buying",positive
"Very disappointed with this speaker, waste of money. Complete waste of money.",negative
"The microwave is okay for casual use,",neutral
"Extremely disappointed, the keyboard does not work at all.",negative
"Bad television, completely different from what was advertised.",negative
The monitor arrived damaged and customer service was rude.,negative
"Outstanding keyboard, will definitely buy again. My whole family loves it.",positive
"It's a standard mouse, works fine for basic needs. Might",neutral
"Worst headphones I've ever purchased, total waste. Complete waste of money.",negative
The vacuum cleaner is,neutral
"Very disappointed with this speaker, waste of money. Never ordering from here again.",negative
"Top notch tablet, fast delivery and great packaging.",positive
"It's a standard speaker, works fine for basic needs. Might consider other brands next time.",neutral
"Reasonably priced mouse, performs adequately. Might consider other brands next time.",neutral
"The charger works as expected, no complaints really. Might consider other brands next time.",neutral
"Very disappointed with this vacuum cleaner, waste of money. Do not buy this.",negative
"Very disappointed with this shoes, waste of money.",negative
"This laptop is fine, could",neutral
"Outstanding router, will definitely",positive
"Really good speaker, does exactly what it promises. Will be buying more from this brand.",positive
"Average laptop, does the job but nothing more. Nothing to write home about.",neutral
"Reasonably priced book,",neutral
The mouse is functional but the design could improve. Nothing to write home about.,neutral
"It's an average mouse, meets basic requirements. Might consider other brands next time.",neutral
"This headphones is terrible, broke after one day. Do not buy this.",negative
"Top notch shoes, fast delivery and great packaging. My",positive
"Awful charger, broke within days of use.",negative
"I absolutely love this jacket, it",positive
"Awful printer, broke within days of use. Asked for a refund.",negative
"This blender is terrible, broke after one day. Complete waste of money.",negative
"Outstanding laptop, will definitely buy again.",positive
"The router is defective, requesting a refund immediately.",negative
"This speaker does what it says, nothing extraordinary. Nothing to write home about.",neutral
"This television does what it says, nothing extraordinary. Might consider other brands next time.",neutral
"Average camera, does the job but nothing more.",neutral
"The laptop is okay, nothing special about it.",neutral
The monitor arrived damaged and customer service was rude. Never ordering from here again.,negative
"This backpack is terrible, broke after one day. Complete waste of money.",negative
The vacuum cleaner is functional but the design could improve. It's okay for the price.,neutral
"Extremely disappointed, the television does not work at all.",negative
"Reasonably priced book, performs adequately.",neutral
"Perfect router for the price, couldn't be happier. My whole family loves it.",positive
"Excellent quality, book arrived on time and works great. Shipping was fast too.",positive
"Average keyboard, does the job but nothing more.",neutral
"Great watch, exceeded my expectations. Will be",positive
"The coffee maker is defective, requesting a refund immediately. Do",negative
"Perfect watch for the price, couldn't be happier. My whole family loves it.",positive
"Perfect book for the price, couldn't be happier. Shipping was fast too.",positive
"Terrible build quality, this book is a huge letdown. Complete waste of money.",negative
"Top notch vacuum cleaner, fast delivery and great packaging. Will be buying",positive
"Fantastic printer, customer service was also great.",positive
"This book exceeded all my expectations, love it. My whole family loves it.",positive
"Average printer, does the job but nothing more.",neutral
"Nice jacket, thanks.",positive
"The monitor works flawlessly, I'm impressed. Definitely a great buy.",positive
"The router is decent for the price, not amazing. Nothing to write home about.",neutral
"Excellent quality, speaker arrived on time and works great. My whole family loves it.",positive
"It's an average backpack, meets basic requirements. Might",neutral
"Average watch, does the job but nothing more.",neutral
"Poor quality camera,",negative
"Best mouse I've ever bought, highly recommend it. Definitely a great buy.",positive
"The book works flawlessly, I'm impressed. Will be buying more from this brand.",positive
"Average laptop, does the job but nothing more. It's okay",neutral
"Average watch, does the job but nothing more. Nothing to write home about.",neutral
"I absolutely love this printer, it works perfectly! Shipping was fast too.",positive
"Not bad, not great, just a regular keyboard.",neutral
"Average book, does the job but nothing more. Might consider other brands next time.",neutral
"This watch is fine, could be better though. Nothing to write home about.",neutral
"Excellent quality, coffee maker arrived on time and works great. Will be buying more from this brand.",positive
"I'm so glad I bought this television, it's wonderful. My whole family loves it.",positive
"I'm so glad I bought this tablet, it's wonderful. My",positive
"I absolutely love this keyboard, it works perfectly!",positive
"The microwave is decent for the price, not amazing. Nothing to write home about.",neutral
"Perfect jacket for the price, couldn't",positive
"Very disappointed with this router, waste of money.",negative
This headphones is cheaply made and fell apart quickly.,negative
"Poor quality tablet,",negative
"Really good printer, does exactly what it promises. My whole family loves it.",positive
"Top notch television, fast delivery and",positive
The vacuum cleaner is functional but the design could improve.,neutral
"I'm so glad I bought this monitor, it's wonderful. My whole family loves it.",positive
"Not bad, not great, just a regular keyboard. Nothing to write home about.",neutral
"Top notch vacuum cleaner, fast delivery and great packaging.",positive
The router is functional but the design could improve.,neutral
"Very happy with this laptop, five stars! My whole",positive
"Outstanding charger, will definitely buy again.",positive
"The backpack is decent for the price, not amazing. Nothing to write home about.",neutral
"It's a standard phone, works fine for basic needs. Nothing to write home about.",neutral
"I'm so glad I bought this router, it's wonderful. My whole family loves it.",positive
"Very disappointed with this headphones, waste of money. Complete waste of money.",negative
"The phone is okay, nothing special about it.",neutral
"This television is amazing,",positive
"Outstanding mouse, will definitely",positive
"Average mouse, does the job but nothing more.",neutral
"Perfect television for the price, couldn't",positive
The laptop is functional but the design could improve.,neutral
"I absolutely love this headphones, it works perfectly! Definitely a great buy.",positive
"The blender is defective, requesting a refund immediately. Complete waste of money.",negative
This camera is cheaply made and fell apart quickly.,negative
"This tablet exceeded all my expectations,",positive
"Average watch, does the",neutral
"I'm so glad I bought this book, it's wonderful. Will be buying more from this brand.",positive
"Not bad, not great, just a regular television.",neutral
"Great mouse, exceeded my expectations. Definitely a great buy.",positive
"Nice phone, thanks.",positive
"Superb build quality, this jacket is fantastic. Will be buying more from this brand.",positive
"I'm so glad I bought this monitor, it's wonderful. Shipping was fast too.",positive
"The monitor works as expected,",neutral
"Bad shoes, completely different from what was advertised. Asked for a refund.",negative
"The coffee maker is decent for the price, not amazing.",neutral
"Reasonably priced router, performs adequately. Might consider other brands next time.",neutral
"It's a standard watch, works fine for basic needs. It's okay for the price.",neutral
The speaker stopped working,negative
"I'm so glad I bought this phone, it's wonderful.",positive
"It's a standard jacket, works fine for basic needs. Nothing",neutral
"The vacuum cleaner works flawlessly, I'm impressed.",positive
"I'm so glad I bought this tablet, it's wonderful. My whole family loves it.",positive
"Extremely disappointed, the coffee maker does not work at all.",negative
The television is functional but the design could improve. Might consider other brands next time.,neutral
"The coffee maker is okay, nothing special about it.",neutral
"Very disappointed with this keyboard, waste of money. Asked for a refund.",negative
"Extremely disappointed, the coffee maker does not work at all. Do not buy this.",negative
"Worst charger I've ever purchased, total",negative
"Top notch router, fast delivery and great packaging.",positive
"It's an average book, meets",neutral
"Excellent quality, vacuum cleaner arrived on time and works great. Will be buying more from this brand.",positive
This speaker is cheaply made and fell apart quickly. Complete waste of money.,negative
"Perfect backpack for the price, couldn't be happier. My whole family loves it.",positive
"Reasonably priced keyboard, performs adequately. Might consider other brands next time.",neutral
"The monitor works as expected, no complaints really. Nothing to write home about.",neutral
"Worst shoes I've ever purchased, total waste. Complete waste of money.",negative
"Extremely disappointed, the keyboard does not work at all. Asked for a refund.",negative
The backpack is functional but the design could improve. Nothing to write home about.,neutral
Best router I've ever,positive
"Not bad, not great, just a regular blender. Might consider other brands next time.",neutral
"Fantastic charger, customer service was also great. Shipping was fast too.",positive
"Average phone, does the job but nothing",neutral
"Reasonably priced watch, performs adequately.",neutral
"Reasonably priced printer, performs adequately. It's okay for the price.",neutral
"Very disappointed with this mouse, waste of money.",negative
"I regret buying this charger, it's just useless. Do not buy this.",negative
"Superb build quality, this television is fantastic. My whole family loves it.",positive
"Terrible build quality, this phone is a",negative
"The speaker is okay for casual use, nothing outstanding. Nothing to write home about.",neutral
"The jacket is decent for the price, not amazing. It's okay for the price.",neutral
This speaker is cheaply made and fell apart quickly.,negative
"This headphones is fine, could be better though.",neutral
The laptop is functional but the design could,neutral
"Very disappointed with this watch, waste of money. Complete waste of money.",negative
"Awful watch, broke within days of use.",negative
"It's an average camera, meets basic",neutral
"Awful tablet, broke within days of use. Complete waste of money.",negative
"Outstanding vacuum cleaner, will definitely buy again. My whole family loves it.",positive
"Bad keyboard, completely different from what was advertised. Never ordering from here again.",negative
"It's a standard camera, works fine for",neutral
"Really good vacuum cleaner, does exactly what it promises. Definitely a great buy.",positive
"The watch stopped working within a week, awful. Complete waste of money.",negative
"The coffee maker is defective,",negative
This shoes is cheaply made and fell apart quickly. Asked for a refund.,negative
"Very happy with this watch, five stars! Will be",positive
"The jacket is okay for casual use, nothing outstanding. It's okay for the price.",neutral
"This laptop is amazing, worth every penny. Will be buying more from this brand.",positive
"Poor quality camera, would not recommend. Never ordering from here again.",negative
"Bad television, completely different from what was advertised. Asked for a refund.",negative
"Top notch speaker, fast delivery and great packaging. Will be buying more from this brand.",positive
"I regret buying this blender, it's just useless.",negative
This router is cheaply made and fell apart,negative
"Worst television I've ever purchased, total waste. Asked for a refund.",negative
"The shoes works as expected, no complaints really. It's",neutral
"I absolutely love this router, it works perfectly! Definitely a great buy.",positive
"This shoes is amazing, worth every penny. Will be buying more from this brand.",positive
"The printer is decent for the price, not amazing.",neutral
"The keyboard works flawlessly, I'm impressed.",positive
"I regret buying this router, it's just useless. Never ordering from here again.",negative
"I regret buying this mouse, it's just useless. Do not buy this.",negative
"This speaker exceeded all my expectations, love it.",positive
"Perfect monitor for the price, couldn't be happier. Shipping was fast too.",positive
"Best keyboard I've ever bought, highly recommend it.",positive
"Fantastic tablet, customer service was also great. Shipping was fast too.",positive
"Excellent quality, shoes arrived on time and works great. Will be buying more from this brand.",positive
"Worst vacuum cleaner I've ever purchased, total waste. Never ordering from here again.",negative
The coffee maker arrived damaged and customer service,negative
"Reasonably priced shoes, performs adequately. Nothing to write home about.",neutral
"Very happy with this mouse, five stars! Shipping was fast too.",positive
"Horrible experience with this mouse, never buying again. Complete waste of money.",negative
"Really good backpack, does exactly what it promises. Will be buying more from this brand.",positive
"This microwave is terrible, broke after one day. Complete waste of money.",negative
"Terrible build quality, this mouse is a huge letdown.",negative
"The router works flawlessly, I'm impressed. My whole family loves it.",positive
The printer is functional but the design could improve. It's okay for the price.,neutral
"Horrible experience with this printer, never buying again. Asked for a refund.",negative
"Reasonably priced backpack, performs adequately.",neutral
"The monitor is okay, nothing special about it. Nothing to write home about.",neutral
"Waste, avoid this charger.",negative
"Fantastic vacuum cleaner, customer service was also great. Shipping was fast too.",positive
"Average keyboard, does the job but nothing more. It's okay for the price.",neutral
The coffee maker arrived damaged and customer service was rude. Complete waste of money.,negative
"Very happy with this microwave, five stars! Shipping was fast too.",positive
"Perfect router for the price, couldn't be happier. Definitely a great buy.",positive
"This television is a scam, doesn't work",negative
"Bad book, completely different from what was advertised. Do not buy this.",negative
"Superb build quality, this mouse is fantastic. My whole family loves it.",positive
"The coffee maker is defective, requesting a refund immediately.",negative
"This charger is terrible, broke after one day. Asked for a refund.",negative
"Poor quality shoes, would not recommend. Do not buy this.",negative
This charger is cheaply made and fell apart quickly. Do not buy this.,negative
"Average vacuum cleaner, does the job but nothing more. It's okay for the price.",neutral
The monitor arrived damaged and customer service was rude. Complete waste of money.,negative
"Excellent quality, backpack arrived on time and works great.",positive
"Perfect headphones for the price, couldn't be happier. Will be buying more from this brand.",positive
"The television is okay, nothing special about it. Nothing",neutral
"Worst monitor I've ever purchased, total waste. Never ordering from here again.",negative
"The printer is okay, nothing",neutral
"I regret buying this camera, it's just useless.",negative
"Not bad, not great, just a regular backpack.",neutral
"Very disappointed with this jacket, waste of",negative
"The jacket is okay, nothing special about it.",neutral
"The headphones is decent for the price, not",neutral
The shoes arrived damaged and customer service was rude. Complete waste of money.,negative
Bad monitor.,negative
"Perfect vacuum cleaner for the price, couldn't be happier. Will be buying more from this brand.",positive
"Perfect shoes for the price, couldn't be happier.",positive
"Not bad, not great, just a regular vacuum cleaner. Nothing to write home about.",neutral
"It's an average camera, meets basic requirements.",neutral
"Top notch jacket, fast delivery and great packaging. Shipping was fast too.",positive
This shoes is cheaply made and fell,negative
"This phone does what it says, nothing extraordinary. It's okay",neutral
"Very happy with this monitor, five stars! My whole family loves it.",positive
"This speaker does what it says, nothing extraordinary.",neutral
The shoes is okay for,neutral
"I absolutely love this printer, it works perfectly!",positive
"The shoes is okay for casual use, nothing outstanding. Might consider other brands next time.",neutral
"Superb build quality, this speaker",positive
"The headphones is defective, requesting a refund immediately. Complete waste of money.",negative
"Bad coffee maker, completely different from what was advertised. Do not buy this.",negative
"Superb build quality, this keyboard is fantastic. Definitely a great buy.",positive
"The tablet is defective, requesting a refund immediately. Complete waste of money.",negative
"Terrible build quality, this monitor is a huge letdown. Do not buy this.",negative
"Terrible build quality, this shoes is a",negative
"Reasonably priced backpack, performs adequately. It's okay for the price.",neutral
"The laptop is okay for casual use, nothing outstanding. Might consider other brands next time.",neutral
"Terrible build quality, this speaker is a huge",negative
"The shoes is defective, requesting a refund immediately. Never ordering from here again.",negative
Bad printer.,negative
I'm so glad I bought this vacuum,positive
"Horrible experience with this laptop, never",negative
"Fantastic mouse, customer service was also great.",positive
"Terrible build quality, this speaker is a huge letdown. Never ordering from here again.",negative
"Perfect charger for the price, couldn't be happier.",positive
"Very happy with this jacket, five stars! Will",positive
"Fantastic microwave, customer service was",positive
"I'm so glad I bought this mouse, it's wonderful. My whole family loves it.",positive
"Average monitor, does the job but nothing more. Nothing to write home about.",neutral
"Extremely disappointed, the monitor does not work at all.",negative
"Excellent quality, vacuum cleaner arrived on time and works great.",positive
"The camera stopped working within a week, awful.",negative
"The backpack is defective, requesting a refund immediately. Complete waste of money.",negative
"Perfect speaker for the price, couldn't be happier. Shipping was fast too.",positive
"Really good watch, does exactly what it promises. Will be buying more from this brand.",positive
"Awful keyboard, broke within days of use. Complete waste of money.",negative
"The tablet is decent for the price, not amazing. It's okay for the price.",neutral
"Great keyboard, exceeded my expectations. Definitely a great buy.",positive
"I'm so glad I bought this keyboard, it's wonderful. My whole family loves it.",positive
"It's an average television, meets",neutral
"Very disappointed with this watch, waste of money. Asked for a refund.",negative
"The tablet stopped working within a week, awful. Never ordering from here again.",negative
"It's a standard camera, works fine for basic needs. It's okay for the price.",neutral
"This tablet exceeded all my expectations, love it.",positive
"Best microwave I've ever bought, highly",positive
The keyboard arrived damaged and customer service was rude. Complete waste of money.,negative
"The book is okay for casual use, nothing outstanding. Nothing to write home about.",neutral
This microwave is cheaply made and fell apart quickly. Asked for a refund.,negative
"Superb build quality, this tablet is fantastic. My whole family loves it.",positive
"Poor quality book, would not recommend. Complete waste of money.",negative
The keyboard is functional but the design could improve. It's okay for the price.,neutral
"Fantastic camera, customer service was also great. Definitely a great buy.",positive
"Very disappointed with this coffee maker, waste of money. Complete waste of money.",negative
"Excellent quality, book arrived on time and works great. Definitely a great buy.",positive
"Poor quality coffee maker, would not recommend. Do not buy this.",negative
"This keyboard is amazing, worth every penny.",positive
"Really good speaker, does exactly what it promises. Definitely a great buy.",positive
"The charger is decent for the price, not amazing. It's okay for the price.",neutral
"Reasonably priced backpack, performs adequately. Might consider other brands next time.",neutral
"Fantastic vacuum cleaner, customer service was also great.",positive
"Horrible experience with this laptop, never buying again. Never ordering from here again.",negative
"Superb build quality, this printer is fantastic. My whole family loves it.",positive
"The book is defective, requesting a refund immediately. Never ordering from here again.",negative
"It's a standard tablet, works fine for basic needs. It's okay for the price.",neutral
The jacket arrived damaged and customer service,negative
"The vacuum cleaner is decent for the price, not amazing. Nothing to write home about.",neutral
"Top notch book, fast delivery and great packaging. Definitely a great buy.",positive
"Not bad, not great, just a regular backpack. It's okay for the price.",neutral
"This shoes does what it says, nothing extraordinary. Might consider other brands next time.",neutral
"Reasonably priced jacket, performs adequately. Nothing",neutral
"The printer works flawlessly, I'm impressed. Shipping was fast too.",positive
"Bad television, completely different from what was advertised. Never ordering from here again.",negative
The tablet is functional but the design could improve. It's okay for the price.,neutral
"I'm so glad I bought this camera, it's wonderful.",positive
